Date,Close,High,Low,Open,Volume,daily_return,volatility,avg_volatility,avg_volume,volume_spike,behavior_label
2023-12-18,3659.497802734375,3725.6859061104938,3631.9510077507234,3658.454863375264,2521612,,,,,,NORMAL
2023-12-19,3618.722412109375,3655.609586187903,3593.8782342059817,3646.0321399794193,2004435,-0.011142345978328638,,,,,NORMAL
2023-12-20,3584.443603515625,3697.048641126024,3571.6421887136007,3629.2010963738817,2586083,-0.00947262726730358,,,,,NORMAL
2023-12-21,3591.507568359375,3609.713976265889,3549.6422988122054,3561.874667630337,1517562,0.0019707284100722866,,,,,NORMAL
2023-12-22,3626.118896484375,3646.9330002294714,3567.327219815434,3603.360828096398,2413058,0.009636991560290742,,,2208550.0,1.0925983111090987,NORMAL
2023-12-26,3599.140869140625,3635.6011420652,3594.0201652475857,3622.183457891739,1285231,-0.007439918026379666,0.008830181333352014,,1961273.8,0.6553042211648369,NORMAL
2023-12-27,3613.9814453125,3620.619215684377,3573.0169658903283,3602.4128061086403,1293976,0.004123366300863518,0.008039922340275455,,1819182.0,0.7112955163364633,NORMAL
2023-12-28,3603.266357421875,3639.394888074637,3595.870169483452,3626.1193465339793,1682889,-0.0029648984237379272,0.006561758516422245,,1638543.2,1.027064162849048,NORMAL
2023-12-29,3597.102294921875,3624.791463550224,3570.5512149274923,3595.774833524974,1574996,-0.0017106874398290506,0.006640822642677901,,1650030.0,0.9545256752907523,NORMAL
2024-01-01,3613.886962890625,3633.70535723094,3577.75843236752,3593.8787327518958,825907,0.004666163648569421,0.005089996727279251,0.007032536312001373,1332599.8,0.6197712171351069,NORMAL
2024-01-02,3587.430419921875,3613.8868154362913,3572.3058320680057,3613.8868154362913,1344068,-0.0073207998037626565,0.00505048591904507,0.006276597229139985,1344367.2,0.9997774417584719,NORMAL
2024-01-03,3500.71240234375,3576.667547002565,3496.2556603222715,3572.068428151664,1803075,-0.024172738541926475,0.010873341838420422,0.006843281128768977,1446187.0,1.2467785977885295,NORMAL
2024-01-04,3477.053955078125,3526.552712648792,3462.0715122024035,3510.1953493002597,3598144,-0.006758180777656997,0.010713577690730227,0.007673644963630574,1829238.0,1.9670179604840923,NORMAL
2024-01-05,3544.474365234375,3553.8147487517995,3484.687206057707,3484.829351387596,1963127,0.01939009604892239,0.01613253777406125,0.009571987989907244,1906864.2,1.0295054047372645,NORMAL
2024-01-08,3487.95849609375,3546.2285872851344,3482.363665387938,3544.474226914024,1067805,-0.015944781458981705,0.016366911185827875,0.011827370881616969,1955243.8,0.5461237110175212,NORMAL
2024-01-09,3498.9580078125,3558.176581963884,3492.17809271376,3517.9705232630245,1370944,0.003153567260352652,0.016968659004066387,0.014211005498621232,1960619.0,0.6992403929575303,NORMAL
2024-01-10,3520.909912109375,3536.271560324902,3497.1561344716065,3499.052639967524,1292227,0.006273840454175339,0.013395087017989181,0.014715354534534982,1858449.4,0.6953253610240882,NORMAL
2024-01-11,3542.245849609375,3577.757871232071,3515.173185437924,3531.2934832939923,1777909,0.006059779441280222,0.012694003933723424,0.015111439783133623,1494402.4,1.1897123559223406,NORMAL
2024-01-12,3681.87646484375,3703.16469648513,3623.843432744319,3648.8772170987218,6813450,0.039418668596865825,0.019940545473278042,0.015873041322976983,2464467.0,2.7646748769612253,FOMO_BUY
2024-01-15,3701.789794921875,3759.822827317008,3683.962593726753,3755.0815627176166,2801505,0.0054084731707504385,0.015342313618540661,0.01566812180951954,2811207.0,0.9965488133744687,NORMAL
2024-01-16,3661.48876953125,3697.237855611621,3656.0363156533926,3697.237855611621,1432672,-0.010886902720924407,0.018367332845877438,0.015947856577881746,2823552.6,0.5074004996400634,NORMAL
2024-01-17,3683.583251953125,3707.621323698518,3615.261585245189,3621.377770055813,3458696,0.006034289277556226,0.018377362042163798,0.016944311582716674,3256846.4,1.0619770094162255,NORMAL
2024-01-18,3700.65185546875,3706.5309771399134,3662.1526951745536,3696.289799531437,2239110,0.004633695602393351,0.018449340912930514,0.01809537897855809,3349086.6,0.6685733357865395,NORMAL
2024-01-19,3765.05712890625,3784.6317399780814,3738.3210747593575,3766.919057481787,2941975,0.017403764513088005,0.010080419309695186,0.01612335374584152,2574791.6,1.1426070366238572,NORMAL
2024-01-23,3684.085205078125,3756.3202043628303,3669.28488869668,3723.950573395889,2618854,-0.021506160744935943,0.015314042991863631,0.01611769962050611,2538261.4,1.0317511033339593,NORMAL
2024-01-24,3668.3779296875,3708.3386452495192,3633.8120750758894,3704.8535025994192,2657709,-0.0042635483481691105,0.014494893220058463,0.015343211695342317,2783268.8,0.9548876486525485,NORMAL
2024-01-25,3638.299560546875,3686.710868765269,3608.12592069105,3666.563249143072,2205154,-0.008199364873833326,0.014524219868731808,0.014572583260655922,2532560.4,0.8707211879329709,NORMAL
2024-01-29,3629.41943359375,3647.561756466226,3610.179116005899,3629.228508398019,1646747,-0.0024407355154093535,0.014004683492022838,0.013683651776474385,2414087.8,0.6821404755866792,NORMAL
2024-01-30,3628.989990234375,3674.107085085276,3616.05160212405,3635.578425123368,1411621,-0.00011832287979729461,0.0084710193929839,0.013361771793132127,2108017.0,0.6696440303849542,NORMAL
2024-01-31,3643.6943359375,3660.929588370053,3625.0745845099527,3639.158755461559,2459358,0.004051911342465742,0.0045751546436266265,0.011213994123484727,2076117.8,1.1845946313836333,NORMAL
2024-02-01,3680.169921875,3728.62901876212,3633.286482295551,3647.56157849842,2363107,0.010010605329251687,0.006849225730636218,0.009684860625600278,2017197.4,1.1714802924096572,NORMAL
2024-02-02,3787.2578125,3804.540622874472,3697.2145499513263,3700.1269169206976,2826510,0.029098626666249183,0.012645410316269274,0.00930909871510777,2141468.6,1.3198932732424842,NORMAL
2024-02-05,3793.941650390625,3840.4432412225233,3783.247275258838,3803.203736894408,1691523,0.0017648225237174575,0.011884274308646817,0.008885016878432567,2150423.8,0.786599832088912,NORMAL
2024-02-06,3949.297119140625,3962.569566984558,3809.887694722218,3816.57170822173,4474396,0.040948302073650744,0.017090643207733788,0.010608941641382545,2762978.8,1.619410181504107,FOMO_BUY
2024-02-07,3899.07177734375,3967.439786038246,3890.0484049597753,3965.530067729684,2124267,-0.012717539420737278,0.021409466316411385,0.013975803975939496,2695960.6,0.7879443787123595,NORMAL
2024-02-08,3947.483154296875,3970.304193861152,3901.60212727005,3905.3737741443274,2345173,0.012416128688481187,0.021329313251143362,0.016871821480040926,2692373.8,0.8710428693073748,NORMAL
2024-02-09,3947.10107421875,3995.846442629643,3914.922137470945,3949.822049542002,2100596,-9.679080649382943e-05,0.020234085892071863,0.01838955659520144,2547191.0,0.8246715695839063,NORMAL
2024-02-12,3934.68798828125,3971.831913158721,3920.221500261139,3943.567991208639,1013716,-0.003144861432249235,0.0207528831892393,0.02016327837131994,2411629.6,0.420344815804218,NORMAL
2024-02-13,3962.1875,3981.762109892758,3897.257086697192,3939.2233270851298,1257415,0.0069889942482483924,0.009647107526918967,0.018674571235156975,1768233.4,0.7111137025236601,NORMAL
2024-02-14,3915.017578125,3929.1493051863713,3866.7016182555567,3921.606012143616,1391283,-0.011905020111996234,0.009367609589532635,0.016266199889781223,1621636.6,0.8579499254025224,NORMAL
2024-02-15,3917.977783203125,3959.1318346649314,3898.6894441790746,3941.658100801181,1091582,0.0007561153989870117,0.006893659238081745,0.013379069087168901,1370918.4,0.7962414101379047,NORMAL
2024-02-16,3941.944580078125,3960.707934118615,3915.017833584227,3927.574137323032,1307556,0.00611713445077422,0.007716453941769915,0.010875542697108513,1212310.4,1.0785653575189986,NORMAL
2024-02-19,3918.550537109375,3941.944584755052,3871.953600131452,3936.931574545264,772291,-0.005934645323777299,0.008071905411269531,0.008339347141514557,1164025.4,0.6634657628605012,NORMAL
2024-02-20,3848.702880859375,3913.01273687665,3828.9851329612898,3897.830569871723,1193648,-0.017824870596545916,0.00957704212095146,0.008325334060321057,1151272.0,1.036807982822478,NORMAL
2024-02-21,3811.320068359375,3879.92678741508,3800.91219749732,3831.8495388516026,1885939,-0.009713093906498882,0.009270599687812605,0.008305932079977051,1250203.2,1.5085059772683354,NORMAL
2024-02-22,3902.6044921875,3910.099995811368,3791.7452639252624,3791.7452639252624,2982052,0.023950867990842672,0.01624834884883112,0.010176870002126926,1628297.2,1.8313929422712267,FOMO_BUY
2024-02-23,3869.1845703125,3943.567999377252,3863.7416870619977,3943.567999377252,2538072,-0.008563491878795904,0.016037865779994467,0.011841152369771837,1874400.4,1.3540714139839065,NORMAL
2024-02-26,3820.438720703125,3867.1790230115994,3802.964754049245,3853.8109967592127,1379284,-0.012598481339813117,0.016547402494459337,0.013536251786409798,1995799.0,0.6910936421954315,NORMAL
2024-02-27,3919.1240234375,3937.839357082856,3818.4819565893167,3818.4819565893167,2960475,0.025830882249097575,0.01933769208349892,0.01548838177891929,2349164.4,1.2602246994718633,NORMAL
2024-02-28,3933.01708984375,3967.343994861852,3904.418873205376,3910.721036534811,1939225,0.003544941758200304,0.017878663720655278,0.017209994585487824,2359821.6,0.8217676285359876,NORMAL
2024-02-29,3910.243408203125,3951.302347555784,3881.072417457666,3913.9672652685513,3772719,-0.005790384613235888,0.015364001199004808,0.017033125055522562,2517955.0,1.4983266182278874,NORMAL
2024-03-01,3909.52734375,3953.116567239845,3902.318111115717,3921.7973761015874,2043265,-0.0001831252887282142,0.014566574324981993,0.01673886676452007,2418993.6,0.8446756535445153,NORMAL
2024-03-04,3896.493408203125,3932.014119419607,3891.9100379868287,3919.6965305132103,1749271,-0.003333890365982972,0.012687884746602889,0.015966963214948778,2492991.0,0.7016756177619574,NORMAL
2024-03-05,3830.990234375,3880.547327718726,3800.339164448949,3878.637609545636,2070859,-0.016810800626590017,0.00771258935088783,0.01364194266842656,2315067.8,0.8945133269962979,NORMAL
2024-03-06,3880.833740234375,3888.1861084028096,3779.7618150673534,3813.754890991915,1744204,0.013010606347188203,0.010749348841649428,0.012216079692625389,2276063.6,0.7663248074438693,NORMAL
2024-03-07,3923.134033203125,3937.838769501806,3855.4343858729776,3881.502084875083,2688905,0.010899795198697548,0.01203397073922574,0.011550073600669576,2059300.8,1.3057368792359036,NORMAL
2024-03-11,3936.263427734375,3965.529765333388,3904.4187841194857,3904.4187841194857,2304068,0.003346659690984355,0.012071476966006106,0.011051054128874398,2111461.4,1.091219569536057,NORMAL
2024-03-12,4003.00830078125,4039.006677494712,3935.022142309502,3936.263738957449,4039801,0.01695640402941523,0.01340916657949805,0.011195310495453432,2569567.4,1.5721716425885541,NORMAL
2024-03-13,3961.710205078125,4049.557237825097,3945.382022047853,4015.1823119675855,2837260,-0.010316764942771894,0.010763823227727499,0.011805557270821365,2722847.6,1.0420193917573646,NORMAL
2024-03-14,4017.66455078125,4034.279003013172,3901.5536109613777,3965.9590326651305,2919608,0.014123785639697406,0.01093508035640832,0.011842703573773143,2957928.4,0.9870448520660609,NORMAL
2024-03-15,4028.788818359375,4047.6472835279706,3988.446025783518,4003.341919367168,3373143,0.002768839318842975,0.010814433541651416,0.011598796134258278,3094776.0,1.089947382298428,NORMAL
2024-03-18,3965.052490234375,4062.686835117329,3931.9667150207774,4024.969899930271,1526904,-0.015820220666457052,0.014486953853236293,0.012081891511704315,2939343.2,0.5194711526030713,NORMAL
2024-03-19,3797.760986328125,3874.8180658535766,3787.544041009118,3868.372767197956,8931209,-0.04219149792298493,0.02130056220110486,0.01366017063602568,3917624.8,2.279750985852448,PANIC_SELL
2024-03-20,3791.649658203125,3836.623612110713,3781.432713127354,3806.068122915207,1817913,-0.0016091924023130533,0.0216506228871755,0.01583753056791528,3713755.4,0.48950800583150955,NORMAL
2024-03-21,3793.607177734375,3827.4568840908046,3769.783491301621,3809.9353605723127,3829582,0.0005162712032253935,0.01874953268301026,0.017400421033235667,3895750.2,0.9830152867604293,NORMAL
2024-03-22,3734.358154296875,3760.234927722912,3680.981626808488,3721.0857067892807,5852485,-0.015618122979428994,0.01703294913783885,0.01864412415247315,4391618.6,1.3326487414002666,NORMAL
2024-03-26,3702.466064453125,3768.542265839503,3696.6891204236167,3700.0789167648895,3440925,-0.008540179737997033,0.017249165361417126,0.01919656645410932,4774422.8,0.7206996833208823,NORMAL
2024-03-27,3667.5185546875,3719.1765299040967,3656.537674047218,3712.969945194372,1968575,-0.009438981791393353,0.006483224011779913,0.01623309881624433,3381896.0,0.5820921163749565,NORMAL
2024-03-28,3701.320556640625,3738.273558990573,3667.136552567892,3676.3032936233417,4311783,0.009216586487319045,0.009711650755364272,0.013845304389882082,3880670.0,1.1110924144542051,NORMAL
2024-04-01,3739.94384765625,3755.746810136152,3712.539442010424,3721.7537377660874,1569676,0.010435002973825158,0.011841590730192666,0.012463715999318564,3428688.8,0.4578064944243409,NORMAL
2024-04-02,3708.4814453125,3733.3555689836544,3698.168921448236,3714.4015245116543,2142666,-0.008412533349522633,0.010217004378801856,0.011100527047511168,2686725.0,0.7975010468134998,NORMAL
2024-04-03,3769.115234375,3801.293938245591,3677.162259779897,3677.162259779897,3973090,0.016350031665694598,0.011780684553180976,0.010006830885863936,2793158.0,1.4224365395727703,NORMAL
2024-04-04,3822.58740234375,3846.7929401546,3757.609195312925,3796.4241236746416,3394637,0.014186928401942911,0.009799883140730936,0.01067016271165414,3078370.4,1.1027383189495326,NORMAL
2024-04-05,3799.622802734375,3821.3458457103648,3781.719195886032,3798.429228944485,1636819,-0.006007606155792433,0.01165486960969332,0.01105880648251995,2543377.6,0.6435611448335473,NORMAL
2024-04-08,3793.225341796875,3850.612230468296,3781.241814170917,3803.203572182516,2302538,-0.0016837094810822073,0.011582599670961376,0.011007008270673694,2689950.0,0.855977992155988,NORMAL
2024-04-09,3768.399169921875,3834.5709511607815,3747.869699586796,3804.158596044347,1876992,-0.00654487135299997,0.011149114120992388,0.011193430219111799,2636815.2,0.7118405567443634,NORMAL
2024-04-10,3804.779296875,3810.0788116116582,3741.138029814855,3777.804526751909,2101965,0.00965400036267372,0.009457536649936715,0.010728800638462948,2262590.2,0.929008266720151,NORMAL
2024-04-12,3820.773193359375,3832.183946350763,3767.396661745701,3791.745569330167,4354821,0.004203633177228161,0.006939076752627492,0.010156639360842257,2454627.0,1.7741273928788366,NORMAL
2024-04-15,3763.29052734375,3880.738193181066,3742.140492150271,3820.772996845027,4200329,-0.015044773166732806,0.00955450829208436,0.009736567097320466,2967329.0,1.4155252080237817,NORMAL
2024-04-16,3697.978515625,3751.355048181922,3688.477713827539,3725.860355825753,3051420,-0.017355027799262013,0.011783207145439813,0.009776688592216153,3117105.4,0.9789274369740594,NORMAL
2024-04-18,3687.665771484375,3758.325343491066,3676.207462510317,3701.797732509692,3476284,-0.0027887517726375988,0.011781213415005619,0.009903108451018801,3436963.8,1.0114403881705127,NORMAL
2024-04-19,3653.481689453125,3678.642318936936,3629.323708606485,3664.749072987277,2957749,-0.009269842808311224,0.008871734115887804,0.009785947944209016,3608120.6,0.8197478210678435,NORMAL
2024-04-22,3690.148681640625,3702.943700715921,3639.9229982282336,3663.794476443267,1728883,0.010036177899385823,0.01101131650808319,0.010600395895300157,3082933.0,0.5607916227825904,NORMAL
2024-04-23,3699.79248046875,3719.1761666777247,3686.3291071314047,3702.036492584922,1807586,0.002613390315708841,0.01056233976699194,0.010801962190281674,2604384.4,0.6940549943395453,NORMAL
2024-04-24,3658.112548828125,3722.040311035299,3651.810386300333,3714.4014391809424,1317312,-0.011265478229023351,0.008737616779905387,0.010192844117174787,2257562.8,0.5835106779753813,NORMAL
2024-04-25,3678.30810546875,3698.789786133694,3638.967957952699,3639.1588831449344,2856271,0.005520758689366856,0.009350879614323382,0.00970677735703834,2133560.2,1.338734665185449,NORMAL
2024-04-26,3648.850830078125,3701.797719316403,3630.899432792101,3681.124880410782,2039178,-0.008008376282244822,0.009066903937499895,0.009745811321360758,1949846.0,1.045814900253661,NORMAL
2024-04-29,3695.495361328125,3702.75238318453,3646.7975509292937,3664.748947268917,1110693,0.012783348353267998,0.009889734053733851,0.009521494830490891,1826208.0,0.6081963281291068,NORMAL
2024-04-30,3648.182373046875,3706.5243580385472,3638.0132167519455,3697.2144816964656,2203078,-0.012802881252770959,0.011301709716087913,0.009669368820310085,1905306.4,1.1562854142514822,NORMAL
2024-05-02,3688.906982421875,3696.354929571108,3607.505249116988,3607.505249116988,2491044,0.011162986169736877,0.011527881338832972,0.010227421732095603,2140052.8,1.164010532824237,NORMAL
2024-05-03,3669.905029296875,3717.8391381406313,3626.1726730929386,3714.54468805708,2962234,-0.005151106605709166,0.011638246631009196,0.010684895135432766,2161245.4,1.3706143689189576,NORMAL
2024-05-06,3744.05029296875,3762.097036577225,3679.072085070683,3679.072085070683,2053831,0.020203591940383347,0.013687709910698825,0.011609056330072552,2164176.0,0.9490129268599227,NORMAL
2024-05-07,3799.336669921875,3807.978191629669,3736.841186796066,3753.360296287447,2062112,0.014766462153820825,0.01398643683002818,0.012428396885331417,2354459.8,0.8758323246801666,NORMAL
2024-05-08,3797.426513671875,3804.444820681169,3760.807810312846,3782.1965590042273,1247685,-0.0005027604595091439,0.010605656118695234,0.01228918616585288,2163381.2,0.576729149721741,NORMAL
2024-05-09,3781.432861328125,3791.74538595975,3733.5467719757594,3783.151654286711,1726486,-0.00421170818873462,0.011669529912079816,0.01231751588050225,2010469.6,0.858747627917378,NORMAL
2024-05-10,3718.1259765625,3794.2284378379286,3709.675612898706,3783.7249871155386,1672489,-0.01674150701260635,0.014899469618521866,0.012969760478004785,1752520.6,0.9543334326569399,NORMAL
2024-05-13,3769.5927734375,3776.467712282151,3695.3046893886026,3709.150146235149,931326,0.013842133698380499,0.013206914720550429,0.012873601439975105,1528019.6,0.6094987263252382,NORMAL
2024-05-14,3725.096435546875,3767.683246498319,3717.171058049824,3758.325580289268,1058317,-0.01180401718832047,0.011766458125811152,0.012429605699131699,1327260.6,0.7973694088410369,NORMAL
2024-05-15,3705.2353515625,3749.684091608791,3700.5566349765368,3728.247550320188,1115021,-0.005331696595784696,0.011616815422880922,0.012631837559968837,1300727.8,0.8572285454343329,NORMAL
2024-05-16,3751.930419921875,3760.15384977655,3696.6751046466734,3742.456838999375,2599399,0.012602456775028692,0.014030481556334297,0.013104027888819734,1475310.4,1.7619336242732377,NORMAL
2024-05-17,3687.634033203125,3770.252482190744,3683.6905629567727,3769.290683088144,2765804,-0.01713688142438652,0.0141386488550795,0.012951863736131261,1693973.4,1.63273165918662,NORMAL
2024-05-21,3674.264892578125,3697.877107559853,3664.502725591736,3684.267744154909,1908117,-0.003625397885100745,0.011240853063581906,0.012558651404737557,1889331.6,1.0099428813872589,NORMAL
2024-05-22,3685.614501953125,3694.511144474802,3671.7165505983294,3688.4998995277233,1311168,0.00308894696131623,0.01097683938935319,0.012400727657445964,1939901.8,0.6758940065935296,NORMAL
2024-05-23,3744.717041015625,3755.825868716935,3679.3628324652072,3694.2225831135406,2095742,0.016036006758487487,0.01330682547840542,0.012738729668550863,2136046.0,0.981131492486585,NORMAL
2024-05-24,3702.44580078125,3735.435558347241,3697.444492200765,3730.0975261410263,1309452,-0.011288233469012754,0.012918218920596487,0.012516277141403302,1878056.6,0.6972377722801325,NORMAL
2024-05-27,3700.089599609375,3759.047936580734,3694.6073912207,3707.735856163125,1841538,-0.0006363904561081934,0.010063694599217896,0.01170128629023098,1693203.4,1.0876058954287477,NORMAL
2024-05-28,3693.212158203125,3722.16240416118,3683.690441327473,3710.620815311068,1801993,-0.0018587229365948366,0.009902936583930492,0.011433702994300696,1671978.6,1.0777608038763176,NORMAL
2024-05-29,3658.347412109375,3701.868825659015,3654.836938975273,3701.868825659015,1568095,-0.009440222927976305,0.01080767282814884,0.011399869682059827,1723364.0,0.9099035374999129,NORMAL
2024-05-30,3593.3779296875,3649.450632771814,3573.51663617764,3632.7154213410568,2919230,-0.01775924347885105,0.007068847144491397,0.010152274015277022,1888061.6,1.5461518840275126,NORMAL
2024-05-31,3530.71630859375,3606.554260467831,3514.1734112736244,3597.128582460036,10956800,-0.017438082584093628,0.008187758136000726,0.00920618185835787,3817531.2,2.8701271649069953,NORMAL
2024-06-03,3561.398193359375,3608.2377665384206,3554.8097750399984,3590.2040318842,2156773,0.008689988683300731,0.011199363885989543,0.009433315715712199,3880578.2,0.5557865062479607,NORMAL
2024-06-04,3573.083740234375,3601.9377139105613,3454.3015486007425,3558.656753396282,3395997,0.003281168305411253,0.012056726313106366,0.009864073661547373,4199379.0,0.8086902849206989,NORMAL
2024-06-05,3603.332275390625,3639.255566540333,3558.6567531150417,3574.0455390744582,2799670,0.00846566645378033,0.013544855507720435,0.010411510197461693,4445694.0,0.6297486961540762,NORMAL
2024-06-06,3684.0751953125,3693.2122868036654,3598.5713488629654,3636.56241348413,4328036,0.0224078474453544,0.014448606185093221,0.011887462005582059,4727455.2,0.9155107382085821,NORMAL
2024-06-07,3745.19775390625,3765.443672980527,3690.711925973877,3690.711925973877,4552445,0.016591018194069607,0.007563113806375833,0.01176253313965708,3446584.2,1.3208570386877534,NORMAL
2024-06-10,3711.29443359375,3756.6913077396334,3695.1361604735534,3746.20779064658,1734661,-0.009052478010577403,0.01218697547915014,0.011960055458289199,3362161.8,0.5159362050928067,NORMAL
2024-06-11,3704.94677734375,3731.7327440674576,3694.270712340988,3698.117909125514,1419898,-0.001710361805989491,0.012889054201166813,0.012126521035901288,2966942.0,0.4785728875050473,NORMAL
2024-06-12,3685.277587890625,3744.764958738886,3681.238078457762,3726.394501204119,2177001,-0.005308899327084782,0.014011602278862431,0.012219870390129688,2842408.2,0.7659001968823478,NORMAL
2024-06-13,3730.001220703125,3741.398634376215,3704.850267253773,3709.4669500636674,1932323,0.012135756872007741,0.011220133693915495,0.011574175891894143,2363265.6,0.8176495269934958,NORMAL
2024-06-14,3685.662353515625,3740.4367662696864,3681.76702012866,3740.4367662696864,1860730,-0.011887091870479871,0.009375002941823248,0.011936553718983625,1824922.6,1.0196213253099062,NORMAL
2024-06-18,3669.3603515625,3695.2326570314176,3650.076229957929,3679.892006211957,1774045,-0.004423086107596119,0.008862749063739354,0.01127170843590147,1832799.4,0.9679428092348786,NORMAL
2024-06-19,3656.471923828125,3687.393908592031,3648.0561809382543,3681.4305657786617,1509050,-0.00351244535819073,0.008872526943712624,0.01046840298441063,1850629.8,0.8154251055505536,NORMAL
2024-06-20,3642.573974609375,3664.406769213264,3635.649067418899,3650.9897175040433,2846526,-0.0038009177995272925,0.008782562976769668,0.009422595123992078,1984534.8,1.4343542879671347,NORMAL
2024-06-21,3665.17626953125,3729.664952293372,3652.961466760309,3680.8055063953534,4642195,0.006205033879730371,0.0064318049334570635,0.008464929371900392,2526509.2,1.8373948529457165,NORMAL
2024-06-24,3670.9951171875,3709.659396839361,3646.4692383647352,3663.2525869100127,1702154,0.001587603768097745,0.004589666120386234,0.007507862007612989,2494794.0,0.682282384838187,NORMAL
2024-06-25,3691.81787109375,3700.666376240768,3648.0078731956337,3671.1873264526143,1338808,0.005672236884423532,0.0048065900730385296,0.006696630209472823,2407746.6,0.5560419024161429,NORMAL
2024-06-26,3708.553466796875,3719.2292968197617,3694.270655030196,3697.636952164433,1639845,0.004533158538009507,0.00411952935702264,0.005746030692134827,2433905.6,0.6737504527702307,NORMAL
2024-06-27,3783.862060546875,3791.4122778569417,3672.245456200075,3684.652571402827,4526556,0.020306729948549096,0.007291416803246836,0.005447801457430261,2769911.6,1.6341878924944753,FOMO_BUY
2024-06-28,3755.008056640625,3808.72463308086,3748.948909848484,3768.136755923504,2731571,-0.007625543279471403,0.01007421610027899,0.006176283690794647,2387786.8,1.1439760869772797,NORMAL
2024-07-01,3826.2294921875,3848.831773161316,3735.628055417014,3735.628055417014,2658723,0.018967052659426997,0.011539494435704623,0.0075662493538583234,2579100.6,1.0308721575265423,NORMAL
2024-07-02,3863.93212890625,3869.7029242806193,3830.413566662013,3841.041495105997,2307449,0.009853731145957667,0.011446180599706916,0.008894167459192002,2772828.8,0.8321642504578718,NORMAL
2024-07-03,3813.774169921875,3872.2997435120974,3803.915728400735,3866.4326746323527,1821198,-0.012981066258680118,0.01527397280791546,0.011125056149370566,2809099.4,0.6483209529716178,NORMAL
2024-07-04,3867.3466796875,3892.738320988545,3829.9809194008767,3847.0528562312384,2518001,0.014047111176150873,0.013979542750734073,0.012462681338868013,2407388.4,1.0459471350779959,NORMAL
2024-07-05,3858.5458984375,3872.924748847288,3835.6550315770746,3856.8146129950014,1668616,-0.0022756639057534,0.012994016694138435,0.013046641457639901,2194797.4,0.760259694129399,NORMAL
2024-07-08,3840.656005859375,3877.25250749764,3826.084843849912,3868.355866085087,1758882,-0.004636433788534067,0.011027106356718377,0.012944163841842651,2014829.2,0.8729682893219932,NORMAL
2024-07-09,3833.25048828125,3853.8810329564976,3823.2478711096887,3832.7695887092655,1305801,-0.0019281908004328274,0.009799677612273627,0.012614863244355994,1814499.6,0.7196479955134738,NORMAL
2024-07-10,3759.8173828125,3850.3709216097873,3752.940612213008,3831.5195626919294,2669716,-0.019156876309869286,0.011787488360013271,0.011917566354775557,1984203.2,1.3454851801468721,NORMAL
2024-07-11,3773.8115234375,3827.960866068609,3746.785106452557,3780.8327046521854,4872189,0.003722026683788515,0.008564111318168888,0.01083448006826252,2455040.8,1.984565388892926,NORMAL
2024-07-12,4024.119873046875,4039.508659949952,3819.59313622462,3827.960742140317,13509164,0.06632772942019471,0.03321303463535376,0.014878283656505583,4823150.4,2.8009004239220903,FOMO_BUY
2024-07-15,4009.933349609375,4078.0285440501298,3998.247113809821,4073.892995406388,4848030,-0.003525372972241647,0.03310365149376299,0.019293592683914507,5440980.0,0.8910214703968771,NORMAL
2024-07-16,4018.830322265625,4034.314914712237,3986.5616751832767,4012.626529161787,2029521,0.0022187333006711274,0.03280929393014973,0.023895515947489725,5585724.0,0.36334072360181063,NORMAL
2024-07-18,4150.6923828125,4159.781573176397,4001.084703910708,4001.084703910708,5613364,0.0328110544544058,0.029344878489416477,0.027406993973370368,6174453.6,0.9091272464983785,NORMAL
2024-07-19,4147.6552734375,4201.978624359701,4131.122202474886,4162.115767699707,3903354,-0.0007317115061516999,0.03003381682472901,0.03170093507468239,5980686.6,0.6526598467808028,NORMAL
2024-07-22,4133.14697265625,4164.574542569397,4111.60074098345,4145.293882588232,1896386,-0.0034979524152271013,0.01547502013229244,0.028153332174070133,3658131.0,0.518402976820677,NORMAL
2024-07-23,4147.607421875,4204.822873881606,4112.853750210899,4128.953289405216,2365208,0.0034986535234329263,0.014758205307007506,0.024484242936719032,3161566.6,0.7481126603500935,NORMAL
2024-07-24,4151.36669921875,4183.035274307572,4114.588938018566,4133.29108224102,1809793,0.0009063725086233543,0.014872606692152087,0.020896905489119502,3117621.0,0.5805044936507677,NORMAL
2024-07-25,4167.0322265625,4186.794901089865,4120.4696255979,4140.521321708719,2810342,0.003773583130273206,0.003039500631959259,0.01563582991762806,2557016.6,1.099070690428838,NORMAL
2024-07-26,4230.0322265625,4263.387861980931,4181.059068502381,4193.543483943422,3552210,0.015118673572623198,0.00688674964542976,0.01100641648176821,2486787.8,1.4284330975083601,NORMAL
2024-07-29,4223.52490234375,4271.630052985274,4213.788075287437,4256.205525599184,1746803,-0.0015383627996702343,0.006394387159678368,0.009190289887245396,2456871.2,0.7109868030525979,NORMAL
2024-07-30,4208.34130859375,4239.816890089155,4171.659572622457,4233.165156915668,1797906,-0.00359500514406208,0.007346978559920987,0.007708044537828092,2343410.8,0.7672175958222947,NORMAL
2024-07-31,4227.6220703125,4255.241520701527,4188.723245910317,4193.54341075026,2330091,0.004581558458525592,0.007277037848702158,0.006188930769138106,2447470.4,0.9520405231458571,NORMAL
2024-08-01,4238.94970703125,4260.3509577479335,4208.052166158217,4241.166794700349,2202244,0.0026794345687368715,0.007289512959285404,0.007038933234603336,2325850.8,0.9468552325024461,NORMAL
2024-08-02,4129.0009765625,4239.816748114331,4116.420535345201,4208.003662009789,2811282,-0.02593772940650263,0.012276423163905035,0.00811686793829839,2177665.2,1.2909615307256597,NORMAL
2024-08-05,4005.605224609375,4086.5359851916814,3962.657741715124,4086.5359851916814,2787771,-0.029885135085595205,0.016301175263097874,0.01009822555898229,2385858.8,1.1684559874205465,NORMAL
2024-08-06,4021.174560546875,4105.093443295134,4011.148240964325,4020.93355230151,2203067,0.0038868872653365916,0.017392485470272764,0.012107326941052649,2466891.0,0.8930540506248553,NORMAL
2024-08-07,4049.37255859375,4092.272026621847,4029.946917282045,4075.931479163901,1237666,0.007012378503419292,0.017891575806240317,0.014230234532560278,2248406.0,0.5504637507638745,NORMAL
2024-08-08,4022.475830078125,4079.7877819856394,4010.377403842216,4030.6220974673806,2441283,-0.006642196569081715,0.016900303082875243,0.016152392557278246,2296213.8,1.0631775664792191,NORMAL
2024-08-09,4076.655029296875,4100.659359682603,4054.289272772755,4065.327640211628,1302536,0.01346911740615675,0.01698065470844226,0.017093238866185693,1994464.6,0.6530755171087017,NORMAL
2024-08-12,4044.744873046875,4086.535796818482,4035.779554632416,4077.8595000099504,936912,-0.007827534098587607,0.009103445359100713,0.015653692885386258,1624292.8,0.5768122594645497,NORMAL
2024-08-13,4045.998779296875,4081.7160162338864,4032.550329689737,4061.47132177453,1495593,0.00031000873710373966,0.009056527776577322,0.013986501346647171,1482798.0,1.008628956877471,NORMAL
2024-08-14,4140.7626953125,4151.319044827985,4037.514668063952,4057.6148500251006,3226545,0.02342163732241498,0.013529000507194942,0.013113986286838094,1880573.8,1.7157236796556454,FOMO_BUY
2024-08-16,4257.2177734375,4267.774123154731,4169.539253858447,4193.543581595454,3457058,0.02812406474218654,0.01517507714716987,0.01276894109969702,2083728.8,1.6590729081442843,FOMO_BUY
2024-08-19,4328.50830078125,4332.605441155041,4232.442503572573,4261.990021771471,2055210,0.01674580233798717,0.01535113267980804,0.012443036693970178,2234263.6,0.9198601275158401,NORMAL
2024-08-20,4360.60986328125,4400.810223821581,4338.148084818645,4342.968249357332,2212298,0.007416310717067498,0.011394229567132588,0.012901193535576552,2489340.8,0.8887083680948789,NORMAL
2024-08-21,4387.7958984375,4395.99017837526,4330.965968699111,4355.500795153384,1896990,0.006234457107747948,0.009629653848280535,0.013015818749917196,2569620.2,0.7382375029586083,NORMAL
2024-08-22,4340.07666015625,4396.906595026849,4335.44948994356,4395.99057536928,1829872,-0.01087544621167158,0.014400673272669145,0.013190153303012037,2290285.6,0.7989710977530488,NORMAL
2024-08-23,4303.34716796875,4343.933054745716,4294.767367707981,4338.148856270688,1809253,-0.008462867148106512,0.011616049866332682,0.012478347846844599,1960724.6,0.9227471313411378,NORMAL
2024-08-26,4340.5107421875,4388.422901766145,4323.688177379114,4327.544309532852,1844164,0.008635969343903094,0.009442019072572742,0.011296525125397538,1918515.4,0.961245346271393,NORMAL
2024-08-27,4335.40087890625,4347.78879700609,4325.42304328812,4342.968632042668,930697,-0.0011772493111432691,0.008636496337641913,0.010744978479499404,1662195.2,0.5599203992407149,NORMAL
2024-08-28,4343.98046875,4398.400316848334,4296.983862624771,4336.943216530728,1848058,0.0019789611349423364,0.007908430892597178,0.010400733888362731,1652408.8,1.1184024195465432,NORMAL
2024-08-29,4349.52392578125,4392.134372910617,4299.5872043857225,4299.5872043857225,2133641,0.0012761238387530849,0.006166794908883753,0.008753958215605654,1713162.6,1.2454398665952664,NORMAL
2024-08-30,4389.96533203125,4427.080603023993,4326.38716654949,4338.148557593329,3637222,0.009297892583206346,0.004686892896143922,0.007368126821567901,2078756.4,1.7497105480950053,NORMAL
2024-09-02,4358.44140625,4422.983606847743,4349.717095487579,4411.41521031719,1216500,-0.007180905405160365,0.005946166755985269,0.006668956358250407,1953223.6,0.6228165582271277,NORMAL
2024-09-03,4350.0546875,4392.038139120691,4334.196155320372,4358.441492719485,1717263,-0.0019242472178181425,0.006018434517223629,0.00614534399416675,2110536.8,0.8136617186679712,NORMAL
2024-09-04,4318.14453125,4325.615786508623,4277.125118085501,4315.927443783511,1265505,-0.007335575881768697,0.006897000067394166,0.005943057829126148,1994026.2,0.6346481305009934,NORMAL
2024-09-05,4314.9638671875,4337.184640438384,4293.947664515546,4319.832045744477,1688793,-0.0007365811958079949,0.0067759707576729574,0.006064892998883989,1905056.6,0.8864791733746913,NORMAL
2024-09-06,4296.4541015625,4356.417142852314,4280.306548704212,4313.035657561393,1649179,-0.004289668742247121,0.0029940098694648067,0.005726316393548166,1507448.0,1.0940204902590338,NORMAL
2024-09-09,4289.51318359375,4328.749518061541,4271.148541789801,4294.767352143904,1184938,-0.001615499154576261,0.0026690376791209,0.005070890578175292,1501135.6,0.7893610677143357,NORMAL
2024-09-10,4345.71630859375,4376.661862432096,4280.740577709276,4282.668643733856,1385591,0.01310244836522756,0.007856293530651905,0.005438462380860947,1434801.2,0.9657024262315923,NORMAL
2024-09-11,4318.24169921875,4385.724015259078,4310.4329370759415,4358.827586295432,1325919,-0.0063222280112184,0.007635354160513935,0.005586133199484901,1446884.0,0.9163962003864857,NORMAL
2024-09-12,4355.212890625,4369.5768908797945,4271.920047200934,4348.03065513794,2742216,0.008561630863075376,0.008487448677961522,0.005928428783542614,1657568.6,1.654360489212935,NORMAL
2024-09-13,4359.93603515625,4383.4583478051045,4342.968959063557,4367.06978569543,1458786,0.0010844807475236529,0.007824001941616835,0.00689442719797302,1619490.0,0.9007687605357242,NORMAL
2024-09-16,4350.92236328125,4382.542460489714,4332.798729394325,4364.177818329191,1155120,-0.0020673862649173147,0.007892410331508962,0.007939101728450632,1613526.4,0.7158977999988101,NORMAL
2024-09-17,4343.5947265625,4372.660224252093,4305.370916354911,4350.921470720735,1699364,-0.0016841570837002884,0.005511852706483362,0.007470213563616925,1676281.0,1.0137703642766338,NORMAL
2024-09-18,4189.83154296875,4335.304015128488,4165.586209395327,4335.304015128488,2961779,-0.035399983947267954,0.01703403244311795,0.009349949220137727,2003453.0,1.4783371509089558,NORMAL
2024-09-19,4141.63037109375,4263.147015883038,4127.796403091641,4232.1529776670095,2927551,-0.011504322162042446,0.015019410293458718,0.010656341543237165,2040520.0,1.4347083096465607,NORMAL
2024-09-20,4130.78515625,4174.938152739774,4075.4497528623806,4161.634214107266,5447908,-0.002618585888166991,0.014420841364935096,0.011975709427900817,2838344.4,1.9193963917838865,NORMAL
2024-09-23,4114.9755859375,4154.404448444648,4100.033071803254,4145.3426307909685,1702319,-0.0038272555251583906,0.014178281076751101,0.013232883576949244,2947784.2,0.577491052431857,NORMAL
2024-09-24,4117.67431640625,4136.665956416498,4087.5002692160224,4098.731160481688,3012026,0.0006558314654339092,0.014595419613248955,0.015049596958302363,3210316.6,0.9382333194177795,NORMAL
2024-09-25,4121.0,4135.315983961965,4087.499853792619,4099.405755293621,2713073,0.0008076606691547195,0.005014346142443083,0.012645659698167389,3160575.4,0.8584110981816793,NORMAL
2024-09-26,4138.1123046875,4161.538121991833,4106.781227249563,4106.781227249563,3964251,0.004152464131885525,0.00315010015996786,0.01027179767146922,3367915.4,1.1770637112796836,NORMAL
2024-09-27,4153.72900390625,4220.5362997605,4145.389742225136,4179.082882471852,3012477,0.003773870322721695,0.003202613453619945,0.00802815208920619,2880829.2,1.0456978844840923,NORMAL
2024-09-30,4114.9755859375,4144.137589328529,4106.829317363682,4132.713702120742,2503416,-0.009329789673882316,0.0054683576309415985,0.006286167400044289,3041048.6,0.8232081526089389,NORMAL
2024-10-01,4133.6767578125,4141.244510550959,4090.343759501602,4102.490197995301,1823365,0.004544661683755669,0.0058463147834056884,0.004536346434075635,2803316.4,0.6504313961848902,NORMAL
2024-10-03,4080.5107421875,4125.097269108809,4058.578991107288,4109.287221814616,3350119,-0.012861677083124134,0.008451467451557912,0.005223770695898601,2930725.6,1.143102240619183,NORMAL
2024-10-04,4099.31005859375,4143.414576244561,4072.124134836012,4073.040154637802,2965463,0.004607098864337855,0.00853548441498453,0.006300847546901934,2730968.0,1.085865158434665,NORMAL
2024-10-07,4119.16845703125,4142.690767852346,4077.281035312133,4120.180503383442,1472619,0.004844327009582816,0.008723268863313692,0.007404978628840685,2422996.4,0.6077677209920741,NORMAL
2024-10-08,4100.2734375,4125.482806799547,4052.74679795751,4118.927570558943,1541867,-0.004587095606395253,0.007896625711501633,0.007890632244952692,2230686.6,0.6912073618947637,NORMAL
2024-10-09,4099.984375,4140.521774751488,4093.9591686921535,4106.780619427553,1082504,-7.049834709960123e-05,0.007384849228613551,0.008198339133994263,2082514.4,0.5198062495990424,NORMAL
2024-10-10,4075.35302734375,4139.413208753188,4047.589065113671,4100.27337464331,2378875,-0.006007668664895771,0.005038270613500143,0.007515699766382711,1888265.6,1.259820122762391,NORMAL
2024-10-11,3999.9658203125,4089.379879015455,3964.537608373593,3993.9886275616464,5759183,-0.018498325550065586,0.008725089663946296,0.007553620816175064,2447009.6,2.3535596264109464,NORMAL
2024-10-14,3987.866943359375,4015.58289160934,3973.936949192235,3991.096547994956,2137590,-0.0030247450844916868,0.0070932691752132945,0.007227620878554983,2580003.8,0.8285220355101803,NORMAL
2024-10-15,3968.731201171875,4019.969936023088,3947.71546828532,3982.468672581659,2759474,-0.004798490636545694,0.007080099180304189,0.007064315572315495,2823525.2,0.9773151661617895,NORMAL
2024-10-16,3947.667236328125,3966.996146763994,3920.915318205962,3938.0751541994937,2359151,-0.00530748084867283,0.006231365808949495,0.006833618888382684,3078854.6,0.7662430697441834,NORMAL
2024-10-17,3961.21142578125,3981.408104545968,3945.738649728119,3964.87456273522,2522659,0.003430934940130026,0.007988689836119221,0.007423702732906499,3107611.4,0.8117678420152533,NORMAL
2024-10-18,3984.453125,4006.776710853755,3942.850443261172,3952.514292386813,2361000,0.005867321059280783,0.005089282079667693,0.006696541216050779,2427974.8,0.9724153644428271,NORMAL
2024-10-21,3942.705322265625,4000.78514608908,3933.186337125352,3993.682123072348,1595450,-0.010477674457363584,0.00673983110182913,0.006625853601373946,2319546.8,0.6878283292236226,NORMAL
2024-10-22,3880.518310546875,3952.3207510778334,3871.6759836673737,3929.320744784857,1928049,-0.015772675519918122,0.009135471316994643,0.007036928028712036,2153261.8,0.895408537874958,NORMAL
2024-10-23,3929.562744140625,3975.272562844622,3860.852680850183,3865.153282560395,1966476,0.012638629602765183,0.011840285990211866,0.00815871206496451,2074726.8,0.9478240701378128,NORMAL
2024-10-24,3911.8291015625,3941.8837644761534,3869.404901437245,3869.404901437245,2676744,-0.004512879353960608,0.011651580083064083,0.008891290114353483,2105543.8,1.271283931495512,NORMAL
2024-10-25,3921.155029296875,3954.446941330257,3897.140270580229,3920.6718368553634,1759676,0.002384032505573952,0.011121943547311058,0.010097822407882156,1985279.0,0.8863620680015252,NORMAL
2024-10-28,3953.33544921875,3995.034859975357,3914.824919632359,3932.1714800258014,1532534,0.008206872638658602,0.011182366669807101,0.01098632952147775,1972695.8,0.7768729471619497,NORMAL
2024-10-29,3938.259765625,3965.560136983544,3923.619129871724,3958.167387431651,1445885,-0.00381340864882318,0.0074709126051177195,0.010653417779102366,1876263.0,0.7706195773193844,NORMAL
2024-10-30,3947.343505859375,3968.942300112978,3923.5705817798166,3938.0179870855577,1935002,0.0023065365859464837,0.0052222015669527114,0.009329800894450534,1869968.2,1.0347780245674767,NORMAL
2024-10-31,3835.050048828125,3941.207522795,3826.8841437384754,3933.186481064544,3740372,-0.028447855339816086,0.014380433903256188,0.009875571658488956,2082693.8,1.7959298673669648,PANIC_SELL
2024-11-01,3850.2705078125,3864.524684481904,3842.394565585639,3855.730723825808,154895,0.003968777145170632,0.014569038234557631,0.01056499059593827,1761737.6,0.08792172001097098,NORMAL
2024-11-04,3830.89453125,3857.711711695001,3781.705635185665,3832.972400304222,2269192,-0.005032367602012533,0.013017213383853704,0.010931959938747592,1909069.2,1.1886378974633294,NORMAL
2024-11-05,3837.852783203125,3852.0102276744137,3808.6196398546176,3808.6196398546176,967590,0.0018163517414442332,0.013509809988873052,0.012139739415498656,1813410.2,0.5335748083913943,NORMAL
2024-11-06,4000.4951171875,4010.303829451576,3841.6215355786026,3869.018641595081,3792017,0.042378471288998076,0.025526799829728337,0.016200659068053784,2184813.2,1.7356252699315438,FOMO_BUY
2024-11-07,4011.366943359375,4064.421379418176,3947.730639947557,4029.535262402128,3724349,0.002717620157856482,0.018889625976413076,0.017102497482685157,2181608.6,1.7071572783495628,NORMAL
2024-11-08,4007.598388671875,4029.5836462899806,3979.234896008613,4015.329468273846,1648039,-0.0009394689492914221,0.019349419196651018,0.018058573675103835,2480237.4,0.6644682480798008,NORMAL
2024-11-11,4057.560791015625,4091.963718697086,3979.235005521943,3989.430650148229,1406487,0.01246691846293202,0.017887718327309867,0.019032674663795067,2307696.4,0.6094766191947953,NORMAL
2024-11-12,4056.303955078125,4076.2115787361386,4024.365122327496,4074.2788089026935,1587640,-0.0003097515976304699,0.018203532058052058,0.01997141907763087,2431706.4,0.6528913194454725,NORMAL
2024-11-13,4010.8359375,4055.676105543149,3992.184424537984,4037.653120303079,1098813,-0.01120922349056297,0.008484521733260293,0.016562963458337264,1893065.6,0.5804410581439967,NORMAL
2024-11-14,4006.53466796875,4020.160788090361,3978.074918587072,3996.0011679696254,1825432,-0.0010724122348247933,0.008410900226055737,0.014467218308265795,1513282.2,1.206273357342074,NORMAL
2024-11-18,3884.384033203125,4071.3795078703233,3856.068908973733,4071.3795078703233,3313944,-0.030487851694430357,0.016003148348618032,0.013797964138659196,1846463.2,1.794752259346409,PANIC_SELL
2024-11-19,3903.760009765625,3993.247106272653,3879.165562256781,3884.7704056996986,1776233,0.0049881722293358965,0.01406323037778687,0.013033066548754598,1920412.4,0.9249226884808701,NORMAL
2024-11-21,3935.940673828125,3954.8816755354096,3888.7326790147754,3908.930028227587,2384347,0.008243504719039452,0.01560966561907508,0.012514293260959203,2079753.8,1.1464563738265559,NORMAL
2024-11-22,4101.91748046875,4111.919658653727,3917.724422379032,3934.152965837454,3096553,0.04216953973526105,0.02592338846014231,0.016002066606335606,2479301.8,1.2489617036538272,NORMAL
2024-11-25,4170.04736328125,4182.610366339302,4109.261850550811,4136.127160650989,4052167,0.0166092767923538,0.026132635411151888,0.019546413643354833,2924648.8,1.385522596764439,NORMAL
2024-11-26,4206.3837890625,4219.816444946144,4165.118964633349,4175.797329148291,2060669,0.008713672199794464,0.015162662098773188,0.019378316393385865,2673993.8,0.7706334248045004,NORMAL
2024-11-27,4186.91064453125,4230.253100994659,4178.696373009198,4212.4235829879535,1558993,-0.004629426487874011,0.01737976141224941,0.020041622600278374,2630545.8,0.5926500120241207,NORMAL
2024-11-28,4102.20703125,4194.062196061659,4090.7071456958633,4173.816244332727,2558544,-0.02023057582847776,0.023437513993035133,0.021607192275070387,2665385.2,0.9599152872913078,NORMAL
2024-11-29,4127.28515625,4154.199070816993,4054.612821055958,4078.144388381402,2017425,0.006113325048920926,0.014241025418866538,0.01927071966681523,2449559.6,0.8235868194429725,NORMAL
2024-12-02,4132.89013671875,4144.05216610549,4087.8565032973897,4126.463771120863,1670944,0.0013580308257263862,0.011519568420970846,0.01634810626877902,1973315.0,0.8467700291134461,NORMAL
2024-12-03,4158.1123046875,4179.614367038159,4122.066339471409,4169.322463028103,2010905,0.006102791783566541,0.01097377263429092,0.01551032837588257,1963362.2,1.0242149920172652,NORMAL
2024-12-04,4208.0263671875,4239.482479199273,4144.873018803544,4168.549449151754,3302642,0.012004019815369471,0.012491140872934353,0.014532604268019559,2312092.0,1.42842153339919,NORMAL
2024-12-05,4313.990234375,4338.101725875577,4213.438076368348,4252.866390721262,3746747,0.025181369587834235,0.009210765493974368,0.011687254568207404,2549732.6,1.4694666413254471,NORMAL
2024-12-06,4296.0634765625,4314.907979496471,4264.414375481087,4303.311362306335,1842087,-0.004155493368912855,0.011254495182019294,0.011089948520837955,2514665.0,0.7325377336543833,NORMAL
2024-12-09,4302.490234375,4319.160373110423,4267.120454336757,4281.5199661588285,2066639,0.0014959643514491638,0.01123399408782823,0.011032833654209432,2593804.0,0.7967598939626895,NORMAL
2024-12-10,4283.54931640625,4342.740393143262,4263.787027783619,4277.364547251339,2087828,-0.004402315156329828,0.012605541279778091,0.011359187383306867,2609188.6,0.8001828614458916,NORMAL
2024-12-11,4278.62109375,4299.108170890079,4258.858333430752,4282.873093015478,1635256,-0.0011504998057042526,0.012416942773065045,0.011344347763333004,2275711.4,0.7185691472126036,NORMAL
2024-12-12,4305.19677734375,4334.23645604466,4277.219744582758,4281.13341484283,1914642,0.006211272980580329,0.004415572387279116,0.010385309141993955,1909290.4,1.0028029261551832,NORMAL
2024-12-13,4323.50927734375,4343.8033600917015,4246.68167836936,4285.868868891336,1967048,0.004253580253606559,0.004224993945786311,0.008979408894747357,1934282.6,1.0169393034916407,NORMAL
2024-12-16,4266.78271484375,4324.572341973805,4249.194321264541,4309.110183879598,1646224,-0.0131204905231177,0.007681933666852414,0.008268996810552195,1850199.6,0.8897548134806644,NORMAL
2024-12-17,4182.9970703125,4283.936162604462,4172.85002878812,4261.757440239835,3225027,-0.019636726341786148,0.011245346043872595,0.007996957763371096,2077639.4,1.5522554106357438,NORMAL
2024-12-18,4201.6962890625,4215.370539745701,4145.404373899688,4166.761572566735,1575404,0.00447029209814942,0.011946541494329685,0.007902877507624025,2065669.0,0.7626604262347937,NORMAL
2024-12-19,4128.29931640625,4217.303454819382,4118.732200834144,4138.059897693995,3015763,-0.017468414565638857,0.011795031321666335,0.009378769294501469,2285893.2,1.3192930448369153,NORMAL
2024-12-20,4030.114501953125,4234.698360944804,4012.913040580397,4183.47996452078,4116989,-0.023783356517520282,0.010970406954704736,0.010727851896285154,2715881.4,1.5158942507577835,PANIC_SELL
2024-12-23,4018.517822265625,4075.244800144384,3976.576815304956,4058.864388641254,2195338,-0.00287750625494132,0.012056760006234948,0.011602817164161661,2825704.2,0.7769171309580103,NORMAL
2024-12-24,4039.005859375,4076.211679589365,4018.518309886525,4018.518309886525,1181886,0.005098406431310432,0.013097367435745216,0.011973221442536184,2417076.0,0.4889734538756746,NORMAL
2024-12-26,4028.95556640625,4058.768636316996,4003.877688349927,4039.005875455315,1208464,-0.0024883085884667144,0.011900531201401462,0.011964019383950539,2343688.0,0.5156249466652558,NORMAL
2024-12-27,4024.84814453125,4040.407035405857,4007.839676342877,4023.060238137416,858100,-0.0010194755954242574,0.010970978257998889,0.01179920877121705,1912155.4,0.4487605975957812,NORMAL
2024-12-30,4019.001220703125,4058.1398080559024,3973.774597398072,4011.463607441488,1527169,-0.0014527066905789532,0.003244768319825969,0.010254081044241296,1394191.4,1.0953797305018522,NORMAL
2024-12-31,3957.15283203125,4000.785250683389,3896.512181145006,3996.001456806672,1555429,-0.01538899474657407,0.0075106123420224866,0.009344851511398803,1266209.6,1.2284135264809237,NORMAL
2025-01-01,3974.20947265625,3995.034876942136,3948.116846379581,3956.765943399071,763161,0.004310331531027778,0.007302235809715315,0.008185825186192824,1182464.6,0.6453986022076262,NORMAL
2025-01-02,4035.3818359375,4042.388126618347,3959.2308928706593,3981.50587656409,1720835,0.01539233492903036,0.011122000296047445,0.008030119005122021,1284938.8,1.3392349892461803,NORMAL
2025-01-03,3962.081298828125,4039.440692055234,3954.7369152564975,4039.440692055234,1791953,-0.018164461280117172,0.013942226351732102,0.008624368623868664,1471709.4,1.2175997516901096,NORMAL
2025-01-06,3957.345947265625,4010.158784764648,3929.707246276281,3967.4929881560497,2085593,-0.0011951676922683507,0.013950125494301871,0.010765440058763846,1583394.2,1.3171659969450438,NORMAL
2025-01-07,3892.888427734375,4001.171905410517,3876.701480293973,3976.625822769941,2669054,-0.01628806790970294,0.014153898483134761,0.0120940972869863,1806119.2,1.4777839690757952,NORMAL
2025-01-08,3970.295654296875,3987.304123019685,3882.692956922525,3899.2663636904895,2181277,0.01988426537247312,0.017528246326120087,0.014139299390267254,2089742.4,1.043801858066334,NORMAL
2025-01-09,3903.083740234375,3998.659112287095,3889.989177677788,3963.144467280376,2392472,-0.016928692448825444,0.016316302271713202,0.015178159785400405,2224069.8,1.0757180372666362,NORMAL
2025-01-10,4122.259765625,4152.556027431617,4029.82514181751,4058.8166896003695,7894300,0.05615457929618084,0.030640948736872706,0.018517904262428525,3444539.2,2.291830500869318,FOMO_BUY
2025-01-13,4146.85400390625,4177.633454859343,4085.295102000063,4102.303569240159,4003771,0.005966202927418118,0.03024954029670752,0.021777787222909656,3828174.8,1.0458694310406098,NORMAL
2025-01-14,4090.755615234375,4168.88793265084,4077.226225962871,4157.388046143593,3441709,-0.013527939160392743,0.029675133910854506,0.024882034308453604,3982705.8,0.8641635041182304,NORMAL
2025-01-15,4106.7490234375,4113.368853824781,4066.0159976679342,4076.211168766914,1653474,0.003909646458361893,0.029243394326972576,0.027225063908624104,3877145.2,0.42646687567955927,NORMAL
2025-01-16,4064.904296875,4149.6564346958185,4050.9403192872737,4116.799350676336,2637705,-0.010189258297424342,0.027986433784893544,0.02955909021126017,3926191.8,0.6718227571052439,NORMAL
2025-01-17,4058.99951171875,4094.7250599119097,4035.133463463163,4094.0359508349434,1761466,-0.0014526258738217779,0.008559147584564218,0.025142729980798473,2699625.0,0.652485437792286,NORMAL
2025-01-20,4013.23583984375,4080.158948884836,4003.689468952198,4080.158948884836,1287799,-0.011274618718941865,0.0074100611055108205,0.02057483414255913,2156430.6,0.5971900973766556,NORMAL
2025-01-21,3971.949951171875,4045.909995207746,3966.192478882806,4030.458623431885,1971591,-0.010287431469136465,0.006755250823898121,0.015990857525167854,1862407.0,1.0586252092050772,NORMAL
2025-01-22,4090.7880859375,4097.2341866812185,3980.1675861797344,3985.875802050039,2409223,0.02991934345259395,0.017549136625629055,0.013652005984899152,2013556.8,1.1965011366950264,NORMAL
2025-01-23,4079.814697265625,4124.987859977081,4074.499811787622,4102.007467712743,1822998,-0.0026824632421310612,0.016836387049514377,0.011421996637823319,1850615.4,0.9850766399112425,NORMAL
2025-01-24,4086.60595703125,4111.849744585292,4039.021386256112,4039.021386256112,1910099,0.00166460005406055,0.016787707122623435,0.013067708545435161,1880342.0,1.0158253126292982,NORMAL
2025-01-27,4000.7861328125,4090.542349798662,3977.067853766373,4037.0527805961183,1551782,-0.021000268956954837,0.01904492943137598,0.015394682210608194,1933138.6,0.8027267160254313,NORMAL
2025-01-28,3976.329833984375,4037.052887627697,3964.519830412573,4006.346926396039,2468272,-0.006112873324456536,0.018593496853850294,0.017762331416598626,2032474.8,1.2144170249982926,NORMAL
2025-01-29,4034.88720703125,4042.810038793749,3989.8125558722254,3989.8125558722254,1217089,0.014726487864865856,0.012935206273212305,0.016839545346115276,1794048.0,0.6784038108233448,NORMAL
2025-01-30,4035.13330078125,4064.5107788173946,3994.2413583605,4034.985771856494,1531251,6.099148188609682e-05,0.012993180156637538,0.01607090396753991,1735698.6,0.8822101947884269,NORMAL
2025-01-31,4047.287841796875,4063.0840087875113,4020.567806714877,4044.92593735956,1492943,0.003012178312243652,0.013105120186043241,0.015334386580223871,1652267.4,0.903572266813471,NORMAL
2025-02-01,4008.659423828125,4070.4158985162953,3991.781057134956,4047.878571991142,437172,-0.009544272480407567,0.009400647172292883,0.01340553012840725,1429345.4,0.30585469404386095,NORMAL
2025-02-03,4004.230712890625,4012.4486029262193,3935.388283689166,3967.0784110116783,1265713,-0.0011047860317529024,0.008775446693817525,0.011441920096400698,1188833.6,1.064667923248468,NORMAL
2025-02-04,4042.0224609375,4053.6359186488944,4001.671858447264,4019.042308064253,2547132,0.009437954692574024,0.006887890793671963,0.01023245700049263,1454842.2,1.750796065717643,NORMAL
2025-02-05,4026.325439453125,4084.292775750716,4011.464422640944,4084.292775750716,1693912,-0.0038834572633063003,0.007153248790502097,0.009064470727265541,1487374.4,1.1388605316859024,NORMAL
2025-02-06,4018.107666015625,4073.959141135676,3987.401704841656,4040.398951605466,2284536,-0.002041010733254578,0.00690022402237435,0.007823491494531765,1645693.0,1.3881908715659603,NORMAL
2025-02-07,3965.602294921875,4025.242909445723,3944.541217862704,4025.242909445723,1548940,-0.013067188701246124,0.00802454442930068,0.007548270945933322,1868046.6,0.8291763171218534,NORMAL
2025-02-10,3973.03271484375,3987.844475474268,3950.7906859718814,3976.034472091817,1339511,0.0018737178792209708,0.008227815048936037,0.007438744616957026,1882806.2,0.7114439075035975,NORMAL
2025-02-11,3900.794921875,3976.034436359499,3892.380246485599,3954.776334352079,1810908,-0.018182028227167746,0.008289719840581711,0.007719110426338975,1735561.4,1.0434133877372476,NORMAL
2025-02-12,3887.60693359375,3958.0733824566832,3877.765264214856,3908.225423162638,1678002,-0.0033808463519304777,0.008340758924979277,0.007956612453234412,1732379.4,0.9686111483431401,NORMAL
2025-02-13,3848.240234375,3921.363885502808,3840.465411719575,3905.174387520859,2277310,-0.01012620357232441,0.007922056381551093,0.00816097892506976,1730934.2,1.3156537088469338,NORMAL
2025-02-14,3872.549072265625,3885.490770388256,3838.250761021833,3862.854932566845,1681975,0.006316871195691576,0.009715119066629321,0.00849909385253549,1757541.2,0.957004592552368,NORMAL
2025-02-17,3842.679931640625,3871.7128572350416,3795.144618968299,3795.439917114117,1799806,-0.007713043803348141,0.009014202878709458,0.008656371418490173,1849600.2,0.9730783982397926,NORMAL
2025-02-18,3811.875244140625,3862.264542094176,3803.313040041849,3836.676202324196,2149879,-0.008016459358572647,0.006568205316414279,0.008312068513656685,1917394.4,1.1212502758952463,NORMAL
2025-02-19,3724.186279296875,3813.597703204128,3708.488624107545,3810.891244071504,4366672,-0.023004153920970993,0.010409219867984907,0.008725760702257812,2455128.4,1.7785921094798953,PANIC_SELL
2025-02-20,3719.560302734375,3728.024234223072,3691.905356883169,3701.943811253983,2888572,-0.001242144247245669,0.0108144212912037,0.009304233684188333,2577380.8,1.120739317992902,NORMAL
2025-02-21,3726.05615234375,3756.565328445878,3715.2303156623498,3716.312995440546,1833931,0.001746402553172599,0.009555642587220272,0.009272338388306522,2607772.0,0.7032558827995699,NORMAL
2025-02-24,3617.404052734375,3703.616931368376,3611.892621833515,3683.884336428401,2508516,-0.02916008110640822,0.013565604372508706,0.010182618687066372,2749514.0,0.912348873291789,NORMAL
2025-02-25,3572.0830078125,3600.0825079673364,3563.9143745152314,3567.605000377692,4101954,-0.012528610091984915,0.013388665050859963,0.01154671063395551,3139929.0,1.3063843163332673,NORMAL
2025-02-27,3555.35205078125,3580.399049402227,3543.6895773387646,3554.5154128372324,3823856,-0.004683809697215269,0.012379702973057731,0.011940807254970074,3031365.8,1.2614300788113397,NORMAL
2025-02-28,3428.099365234375,3543.0008511716787,3402.2649840279146,3528.18909122495,7085018,-0.035791866383221516,0.015968032793660863,0.012971529555461509,3870655.0,1.8304442013044304,PANIC_SELL
2025-03-03,3437.744384765625,3467.466178358631,3421.1118192809517,3429.8217928275967,4990439,0.0028135180762447476,0.016270192097624984,0.01431443945754245,4501956.6,1.1085044667023223,NORMAL
2025-03-04,3476.126953125,3494.7768689297923,3409.449641700051,3418.9960131405514,2797737,0.011165044303313332,0.01794390229339778,0.015190099041720265,4559800.8,0.6135656189191423,NORMAL
2025-03-05,3490.889404296875,3543.3455504299354,3465.104278437371,3465.104278437371,2501894,0.004246810134078682,0.018402378007246627,0.0161928416329976,4239788.8,0.5900987332199189,NORMAL
2025-03-06,3544.57568359375,3552.3012497690074,3480.112750180772,3500.681742747534,2786513,0.015378968818317018,0.02041581998423271,0.01780006503523259,4032320.2,0.6910445752795128,NORMAL
2025-03-07,3554.023681640625,3567.6052337579586,3517.806289419448,3543.001059732041,2051315,0.002665480692260358,0.0057255341645379414,0.01575156530940801,3025579.6,0.677990755886905,NORMAL
2025-03-10,3532.814697265625,3564.751106121065,3525.876512682056,3549.3980060199115,1004626,-0.005967597932608482,0.008227963193447813,0.014143119528572574,2228417.0,0.45082495780637105,NORMAL
2025-03-11,3518.692138671875,3531.929136072837,3481.6381088995104,3501.666002409517,1995450,-0.00399753731909025,0.00840920220269369,0.012236179510431756,2067959.6,0.9649366457642595,NORMAL
2025-03-12,3450.68603515625,3512.7378080263093,3431.642549263105,3508.5550985819973,3174167,-0.019327096783549158,0.01268310043595996,0.011092323996174424,2202414.2,1.4412216376011378,NORMAL
2025-03-13,3455.45947265625,3468.4996849505683,3428.936220988117,3446.848011707172,1693004,0.0013833299962289214,0.008756447977415689,0.008760449594811018,1983712.4,0.8534523452089123,NORMAL
2025-03-17,3442.32080078125,3474.5522694033125,3422.293146886519,3433.758596103089,2690906,-0.003802293726483885,0.00775210055192758,0.009165762872288947,2111630.6,1.274326106090715,NORMAL
2025-03-18,3442.32080078125,3442.32080078125,3442.32080078125,3442.32080078125,0,0.0,0.008266520554059596,0.009173474344411302,1910705.4,0.0,NORMAL
2025-03-19,3441.730224609375,3490.840057701268,3407.923994870332,3490.840057701268,3051244,-0.0001715633742621625,0.008571182767757932,0.00920587045742415,2121864.2,1.4380015459990323,NORMAL
2025-03-20,3506.734130859375,3522.2840156560787,3456.394090935439,3456.394090935439,2845192,0.018886984745406066,0.008944324456006405,0.008458115261433441,2056069.2,1.3838016736012582,NORMAL
2025-03-21,3521.447998046875,3558.993872552197,3410.138615525299,3419.980285411375,4161925,0.004195889006245901,0.008885094898576818,0.008483844645665668,2549853.4,1.6322212877022657,NORMAL
2025-03-24,3571.492431640625,3591.963151261163,3510.129769454268,3543.000847877303,1834751,0.014211322621122457,0.008670306018395564,0.008667485738959263,2378622.4,0.771350257190885,NORMAL
2025-03-25,3599.83642578125,3651.2591455535335,3580.3991297907696,3587.2882979899277,3135390,0.007936176453719801,0.007636072891431446,0.008541396206433634,3005700.4,1.0431478799417269,NORMAL
2025-03-26,3578.23388671875,3622.2260969255326,3568.4414746014018,3589.9946325390874,1734499,-0.006000977963272813,0.0095850263030536,0.008744164913492766,2742351.4,0.6324860482868826,NORMAL
2025-03-27,3593.390380859375,3605.003599121784,3553.334833368605,3557.616055783924,2528474,0.004235747192737005,0.007343129430613219,0.00842392590841413,2679007.8,0.9438098687133349,NORMAL
2025-03-28,3549.053466796875,3602.9858624379135,3535.029088090658,3593.1934495717564,2051919,-0.012338462945374884,0.01070274480059417,0.008787455888817599,2257006.6,0.909132919682202,NORMAL
2025-04-01,3494.580078125,3527.2543730344664,3469.188522585517,3516.13323836803,2618493,-0.01534870893929896,0.01015094975196915,0.009083584635532316,2413755.0,1.0848213675373017,NORMAL
2025-04-02,3487.83837890625,3507.6694869120347,3474.1585545505054,3487.8876353082755,1764313,-0.0019291872179295622,0.007882492491001961,0.009132868555446419,2139539.6,0.8246227365924893,NORMAL
2025-04-03,3349.267333984375,3446.552323638587,3342.378166004515,3435.726488241664,4537821,-0.03972977812272638,0.016882435718832915,0.010592350438602283,2700204.0,1.6805474697467302,PANIC_SELL
2025-04-04,3247.160400390625,3345.8231390019464,3243.322245322784,3309.359945032038,5317367,-0.03048634922560245,0.015050830424522021,0.012133890637384043,3257982.6,1.63210417391425,PANIC_SELL
2025-04-07,3222.2119140625,3239.287066815677,3007.663514743727,3050.917604991727,6623955,-0.007683170293997121,0.01576760008741474,0.013146861694748158,4172389.8,1.5875685919853415,NORMAL
2025-04-08,3240.8125,3295.9751054332087,3203.758710556288,3249.768515327564,5557558,0.005772614102853568,0.019410656240374125,0.014998802992429153,4760202.8,1.1675044601040947,NORMAL
2025-04-09,3195.196533203125,3218.225943847207,3161.193516842312,3208.9256141746023,2990265,-0.014075472369004638,0.018112036908436182,0.017044711875915997,5005393.2,0.5974086111756415,NORMAL
2025-04-11,3180.33544921875,3246.7174609037224,3155.239192385985,3237.466387828363,7108961,-0.004651070389550371,0.013405238304157829,0.01634927239298098,5519621.2,1.2879436364220065,NORMAL
2025-04-15,3196.77099609375,3261.922799255597,3187.323137665445,3261.922799255597,3512160,0.005167865823410889,0.00852867164322615,0.015044840636721808,5158579.8,0.6808385517269695,NORMAL
2025-04-16,3221.965576171875,3226.1975418061343,3177.8748519424867,3196.770807962191,2384391,0.007881258966911053,0.009245184143259578,0.013740357447890771,4310667.0,0.5531373683005437,NORMAL
2025-04-17,3246.66845703125,3251.2942342038577,3167.0494419378383,3194.114034744952,2932346,0.007667021970087395,0.00957293031579702,0.011772812262975352,3785624.6,0.7746003129840185,NORMAL
2025-04-21,3269.0087890625,3300.895699711744,3232.102531239247,3238.007532490968,2432946,0.00688100196460395,0.005274477404731488,0.009205300362234412,3674160.8,0.662177333120532,NORMAL
2025-04-22,3261.9228515625,3281.114107138053,3242.83010879226,3269.9932127938664,2710498,-0.00216761041564284,0.004192813649192969,0.00736281543124144,2794468.2,0.9699512773127995,NORMAL
2025-04-23,3358.961669921875,3366.736492414926,3284.460282754783,3311.7216581562,3543923,0.02974896181646125,0.011808177380901985,0.008018716578776609,2800820.8,1.2653158674057263,NORMAL
2025-04-24,3347.742431640625,3358.469755408652,3334.062366713585,3347.2503481599792,2252175,-0.003340091189998895,0.01328594345776045,0.008826868441676784,2774377.6,0.8117766665936172,NORMAL
2025-04-25,3393.407470703125,3422.735692373855,3351.088294009321,3365.85079750716,2742991,0.013640547322549157,0.013541845975475515,0.009620651573612481,2736506.6,1.0023695904844518,NORMAL
2025-04-28,3388.978759765625,3403.052394655164,3351.088333672703,3380.613341017837,1593296,-0.001305092587829515,0.014327002965631417,0.011431156685792466,2568576.6,0.6203030892674176,NORMAL
2025-04-29,3417.51953125,3439.663286312095,3376.086009001543,3400.296610646148,1578332,0.008421643659504374,0.013322190993150197,0.013257032154583912,2342143.4,0.6738835888528432,NORMAL
2025-04-30,3399.017333984375,3454.32746830495,3312.7059408589703,3417.027637154589,2809332,-0.00541392583025202,0.00822106880837453,0.012539610440078421,2195225.2,1.2797466064073972,NORMAL
2025-05-02,3376.6767578125,3436.218857447492,3365.8509215152285,3417.027602193238,1721761,-0.006572657323193787,0.008885633200777513,0.011659548388681834,2089142.4,0.8241472673188769,NORMAL
2025-05-05,3399.60791015625,3449.013042507524,3391.832847162291,3395.375944257656,1284443,0.006791041603462666,0.006901412107633386,0.010331461615113408,1797432.8,0.7145986208775092,NORMAL
2025-05-06,3405.217529296875,3418.011699204638,3382.5816902292945,3405.217529296875,1324763,0.001650078270457822,0.006846898503159146,0.008835440722618954,1743726.2,0.7597310862221374,NORMAL
2025-05-07,3390.553466796875,3404.7253739778457,3366.4413778642383,3366.4413778642383,1477128,-0.004306351172527867,0.005647253401553668,0.007300453204299648,1723485.4,0.8570586092577286,NORMAL
2025-05-08,3394.293212890625,3421.948399604324,3374.4130890526376,3393.4075587678194,2543591,0.0011029898600252164,0.005278391913223724,0.006711917825269487,1670337.2,1.5228009051106568,NORMAL
2025-05-09,3385.82958984375,3391.636078710749,3344.297792808673,3345.1834469493565,2531757,-0.002493486129817035,0.004281165678143887,0.005791024320742763,1832336.4,1.3817097122558937,NORMAL
2025-05-12,3563.077880859375,3573.018063028258,3446.7493970179844,3449.505112495261,2228678,0.052350033075292624,0.02399263626964539,0.009209269153145164,2021183.4,1.102659956538333,NORMAL
2025-05-13,3459.346923828125,3565.6369573340817,3454.918172432044,3563.078027084068,3062887,-0.029112739182178937,0.029801521829712047,0.013800193818455745,2368808.2,1.2930075976602917,NORMAL
2025-05-14,3492.51318359375,3504.618485051228,3453.0482333329505,3465.251807319678,2119499,0.009587433841102833,0.029537299772873768,0.018578203092719764,2497282.4,0.8487221949748255,NORMAL
2025-05-15,3523.218994140625,3543.000844968414,3458.461004249911,3507.57083651873,3548330,0.008791895386713877,0.029399776195137773,0.02340247994910257,2698230.2,1.3150582926541996,NORMAL
2025-05-16,3504.91357421875,3536.997270491984,3489.954285627693,3536.997270491984,1666727,-0.005195652030804299,0.02966054294352134,0.028478355402178062,2525224.2,0.6600312954390346,NORMAL
2025-05-19,3463.086669921875,3493.7926303362838,3448.225653046167,3493.7926303362838,2537377,-0.011933790494733754,0.016053896262061138,0.026890607400661216,2586964.0,0.9808319713764861,NORMAL
2025-05-20,3442.9111328125,3501.665849002972,3438.679167064751,3475.880724139537,2038374,-0.005825882812753869,0.009596606564473286,0.022849624347613458,2382061.4,0.855718496592909,NORMAL
2025-05-21,3469.975830078125,3480.998451703358,3442.911239345345,3452.457610566972,1440153,0.007860992114401721,0.009144664333925164,0.01877109725982374,2246192.2,0.6411530589412606,NORMAL
2025-05-22,3421.9482421875,3442.4189613490807,3396.6552014233635,3439.6632460297133,2034383,-0.013840899834032472,0.008503928929625487,0.014591927806721283,1943402.8,1.0468148960164099,NORMAL
2025-05-23,3458.953125,3479.0300338946035,3410.728946312352,3421.94835299902,1274331,0.01081398086513552,0.011327509938205435,0.0109253212056581,1864923.6,0.68331539157958,NORMAL
2025-05-26,3481.293701171875,3488.871738416089,3454.524408949068,3465.2517322885897,967470,0.006458768119870006,0.010487933025858537,0.009812128558417583,1550942.2,0.6237950066740076,NORMAL
2025-05-27,3443.304931640625,3483.951075577389,3427.952071065876,3476.0777398133723,2467680,-0.010912256417337618,0.011522499123113305,0.010197307070145585,1636803.4,1.5076215017637427,NORMAL
2025-05-28,3442.32080078125,3473.1252753361427,3437.6952640263944,3464.267772508705,1222933,-0.0002858099642386591,0.01069257426245297,0.010506889055851147,1593359.4,0.7675186150720296,NORMAL
2025-05-29,3442.71435546875,3476.5696009789917,3431.297923230928,3449.2097128936152,3188072,0.00011432830066593347,0.008218412179327615,0.010449785705791572,1824097.2,1.7477533543716859,NORMAL
2025-05-30,3408.563720703125,3451.1781977204464,3398.42699333174,3434.7426576999464,3404365,-0.00991968291280887,0.00736509517396898,0.009657302752944283,2250104.0,1.5129811777588946,NORMAL
2025-06-02,3395.17919921875,3405.217654074579,3364.4732383699834,3395.375984554132,1877585,-0.003926733539725058,0.005212698983830467,0.008602255944538667,2432127.0,0.7719929921422689,NORMAL
2025-06-03,3351.28515625,3418.503805107925,3346.6596197695403,3391.439214740725,2848125,-0.012928343510955287,0.00582743901836655,0.007463243923589316,2508216.0,1.1355182328794649,NORMAL
2025-06-04,3356.94482421875,3370.746482399833,3346.122152204125,3364.9875293233777,2544807,0.0016888052507841866,0.006306943005982637,0.00658611767229525,2772590.8,0.9178444219031529,NORMAL
2025-06-05,3347.214111328125,3384.8454732776427,3339.866398705881,3384.8454732776427,3584683,-0.002898681211684684,0.005822109963274802,0.006106857229084687,2851913.0,1.256939815485255,NORMAL
2025-06-06,3360.221435546875,3366.873914676264,3334.902114040244,3347.2144001409188,2070390,0.0038860149922075315,0.006494389386607625,0.005932716071612417,2585118.0,0.8008880058859983,NORMAL
2025-06-09,3397.654296875,3409.668660230926,3366.873944962607,3375.9095645850757,1718678,0.011139998373956184,0.008908416281401592,0.0066718595311266405,2553336.6,0.6731106270908426,NORMAL
2025-06-10,3438.36376953125,3461.1016586442274,3398.94510956099,3415.626122829056,2419874,0.011981640596482324,0.006342510024652356,0.006774873732383803,2467686.4,0.9806246044878312,NORMAL
2025-06-11,3447.300048828125,3464.278985186734,3424.6617902310286,3445.4136080819626,2847013,0.0025989918158348946,0.006230056673903205,0.0067594964659679155,2528127.6,1.1261350099575669,NORMAL
2025-06-12,3409.866943359375,3450.079980797376,3398.944883808313,3447.299771702225,4060134,-0.010858673436759614,0.00918053159618845,0.007431180792550646,2623217.8,1.5477685459438406,NORMAL
2025-06-13,3421.28564453125,3426.0516828925206,3369.157630228437,3369.157630228437,2178493,0.0033487233846800635,0.009181680022829986,0.007968638919795119,2644838.4,0.8236771668166948,NORMAL
2025-06-16,3471.527099609375,3484.1370655851665,3401.9236944953027,3415.625963412075,1934088,0.014684963577488386,0.010005320287151776,0.008188019720945156,2687920.4,0.7195480937605147,NORMAL
2025-06-17,3490.392578125,3495.059228043925,3463.3853507540894,3485.13008250971,2111940,0.005434345743044355,0.009148783743735837,0.00874927446476185,2626333.6,0.8041400376555362,NORMAL
2025-06-18,3426.945068359375,3512.9315625297536,3418.704071793645,3494.16557511537,2696327,-0.0181777574715416,0.013214901257907224,0.010146243381562656,2596196.4,1.038568191528191,NORMAL
2025-06-19,3399.739501953125,3426.548195455676,3388.817441637271,3425.5552808815078,2672768,-0.007938722641759322,0.012732296988137047,0.010856596459952374,2318723.2,1.1526895491449776,NORMAL
2025-06-20,3411.3564453125,3421.881436427704,3386.732116175425,3400.7323081895083,2351248,0.00341700984816673,0.012737532757627481,0.011567767006911873,2353274.2,0.9991389868634942,NORMAL
2025-06-23,3369.554931640625,3400.732351710977,3346.122051172553,3390.8032061585363,3123421,-0.012253634101858202,0.010130922717068053,0.011592887492895127,2591140.8,1.2054231093887295,NORMAL
2025-06-24,3366.37744140625,3417.711318302596,3358.0370560315137,3410.264459071302,3403048,-0.0009429999803647338,0.008638068018679824,0.011490744347883924,2849362.4,1.1943191220604301,NORMAL
2025-06-25,3420.39208984375,3425.555197020872,3375.909469527816,3383.157794223958,1757699,0.01604533341185177,0.010984454932287342,0.011044655082759949,2661636.8,0.660382738922155,NORMAL
2025-06-26,3417.413330078125,3426.945164265374,3391.10109463089,3420.392073713661,2879106,-0.0008708825442761414,0.01018708844309703,0.010535613373751947,2702904.4,1.065189727021052,NORMAL
2025-06-27,3416.718505859375,3441.8390511551324,3406.689971497181,3430.5199217495656,1778433,-0.00020331875358314822,0.01010771398773246,0.010009649619772942,2588341.4,0.6870936731916432,NORMAL
2025-06-30,3437.47021484375,3440.3495701102424,3405.6969488486607,3415.526706051579,1468351,0.006073578771206289,0.0073350928932713845,0.009450483655013608,2257327.4,0.6504820700798652,NORMAL
2025-07-01,3405.399169921875,3460.307396022409,3389.314001814202,3430.5199578930915,2375183,-0.009329839363664938,0.009417259658568426,0.00960632198299133,2051754.4,1.1576351438554244,NORMAL
2025-07-02,3399.04443359375,3465.172397295891,3395.7677670907174,3462.4915764882385,3090585,-0.0018660767830840364,0.00548946401795055,0.008507323800123971,2318331.6,1.333107394990432,NORMAL
2025-07-03,3376.703857421875,3410.959409470928,3373.5265793371623,3405.6969138623963,2531870,-0.006572604921276315,0.005965384626414415,0.007662983036787448,2248884.4,1.1258337689567326,NORMAL
2025-07-04,3395.5693359375,3402.718272445599,3366.0798213348503,3383.852895387978,1109320,0.005586950858648576,0.00697079887223466,0.007035600013687887,2115061.8,0.5244858566307614,NORMAL
2025-07-07,3387.526611328125,3401.824726672673,3384.249944744325,3394.079944495724,1639174,-0.002368593839110811,0.005661494556815162,0.0067008803463966425,2149226.4,0.762680934870333,NORMAL
2025-07-08,3382.0654296875,3400.732271367233,3369.356075198484,3380.873980731512,2325242,-0.001612144277291394,0.004380870844658973,0.005693602583614752,2139238.2,1.0869486156333594,NORMAL
2025-07-09,3359.82421875,3389.810188927958,3343.143206245001,3385.838530827281,2034938,-0.0065762213652842405,0.004980529671936531,0.005591815714411948,1928108.8,1.0554062094421228,NORMAL
2025-07-10,3358.036865234375,3374.916411866245,3332.221088032692,3356.051036218861,3035012,-0.0005319782819739327,0.004384591833898567,0.0052756571559087785,2028737.2,1.4960104246129071,NORMAL
2025-07-11,3242.85888671875,3311.369989959287,3237.9937024384426,3276.518592650877,7635550,-0.03429920013924148,0.014284234771386649,0.006738344335739177,3333983.2,2.2902184990014347,PANIC_SELL
2025-07-14,3199.865478515625,3248.816211355921,3177.326368074251,3242.8587244157825,3924009,-0.013257872052097608,0.013828462370360207,0.008371737898448185,3790950.2,1.0350990630264676,NORMAL
2025-07-15,3229.256103515625,3236.3056515140206,3183.2841104563845,3183.2841104563845,2590889,0.009184956429366453,0.016327948405601842,0.01076115341063676,3844079.6,0.6739946279988582,NORMAL
2025-07-16,3221.08642578125,3232.842384321887,3208.632873739526,3215.008995091513,2540733,-0.002529894648331199,0.01658235515679754,0.01308151850760896,3945238.6,0.6439998331152899,NORMAL
2025-07-17,3197.275146484375,3229.9533162828457,3192.194243099011,3212.1199267281463,2947640,-0.007392313073717016,0.016055747020199237,0.015415749544869095,3927764.2,0.7504625659554613,NORMAL
2025-07-18,3178.046875,3216.802476353157,3175.157748110912,3213.016547743236,3432645,-0.00601395582282549,0.008325807322453097,0.014224064055082383,3087183.2,1.1119019434933437,NORMAL
2025-07-21,3146.464599609375,3185.718341629892,3140.287686436296,3178.14648468648,3844346,-0.009937636741316203,0.007493845323107327,0.012957140645631809,3071250.6,1.251720064784033,NORMAL
2025-07-22,3147.859619140625,3168.283445003984,3142.8781981983425,3147.859619140625,3198036,0.00044336094911834323,0.004087360643149335,0.010509023093141308,3192680.0,1.0016775874813637,NORMAL
2025-07-23,3167.287109375,3170.1762361812234,3145.866999671073,3147.859568015624,1922875,0.006171650767475612,0.006555250662297394,0.008503602194241278,3069108.4,0.6265256059381936,NORMAL
2025-07-24,3136.302734375,3161.9071902624382,3128.332460590057,3153.339291883696,2934778,-0.009782622771484117,0.006996446413217558,0.0066917420728449415,3066536.0,0.95703360404052,NORMAL
2025-07-25,3124.14794921875,3145.169399267611,3113.9858993305074,3128.332294086445,2568917,-0.003875514000300173,0.006893702360614838,0.00640532108047729,2893790.4,0.8877343016964878,NORMAL
2025-07-28,3067.85791015625,3106.41405910006,3058.4926929668136,3098.443785696339,3374473,-0.0180177251453717,0.009327839192998094,0.006772119854455444,2799815.8,1.205248216686255,NORMAL
2025-07-29,3044.64453125,3062.5776469445354,3029.899476365581,3048.629668071008,4785312,-0.007566640824335891,0.00883126283399735,0.007720900292625047,3117271.0,1.535096563628892,NORMAL
2025-07-30,3042.25341796875,3057.5960967882907,3035.877053384358,3048.629539319704,2880121,-0.0007853505579084041,0.00657234275927339,0.0077243187120202466,3308720.2,0.8704637521178128,NORMAL
2025-07-31,3025.515869140625,3048.430405452322,3003.796825207198,3030.3975643658264,2968371,-0.005501694477279995,0.0065618017666625944,0.007637389782709255,3315438.8,0.8953176876617358,NORMAL
2025-08-01,2991.84130859375,3025.515761579588,2988.8524561376125,3018.64125499041,2053847,-0.011130188041763578,0.006458162899189846,0.007550281890424256,3212424.8,0.6393447715881163,NORMAL
2025-08-04,3062.97607421875,3067.957495262713,2980.483936317478,2997.9189099713494,2519252,0.023776249569344765,0.013937709003885922,0.00847225585260182,3041380.6,0.8283251362884343,NORMAL
2025-08-05,3052.51513671875,3066.064699458969,3030.696609505827,3062.976121071088,1927996,-0.0034152854108298047,0.013509326509399344,0.009407868587682219,2469917.4,0.7805912861701367,NORMAL
2025-08-06,3021.032470703125,3055.40427380999,3014.75583192388,3051.618345400808,1487081,-0.010313680557032967,0.014394656682594358,0.010972331372346414,2191309.4,0.6786266695154961,NORMAL
2025-08-07,3035.677978515625,3040.2609831608825,2999.7120213520734,3004.793168100796,2543076,0.004847848526795762,0.014386573471839735,0.01253728571338184,2106250.4,1.2073949042336087,NORMAL
2025-08-08,3025.1171875,3048.4303832570085,3013.759645138969,3036.7739069952254,2762140,-0.0034788904127402986,0.013161348938414433,0.013877922921226757,2247909.0,1.2287597051304122,NORMAL
2025-08-11,3029.5009765625,3038.567016640599,3010.073435095005,3025.117180240026,1884215,0.0014491303281123358,0.0057430615516523694,0.012238993430780049,2120901.6,0.888402837736555,NORMAL
2025-08-12,3024.120849609375,3084.8941835228848,3015.652434227984,3029.700138212843,3358232,-0.001775911938879715,0.005701710377463965,0.010677470204392973,2406948.8,1.395223695659833,NORMAL
2025-08-13,3024.91796875,3033.087450352522,3017.3463549468943,3024.8184862723915,2148166,0.00026358706555251743,0.0031853818533539736,0.008435615238544894,2539165.8,0.8460124974903176,NORMAL
2025-08-14,3011.06982421875,3044.544827820162,3007.881763385299,3022.726300858826,3342174,-0.004578023164367839,0.0025098338330126007,0.0060602673107794675,2698985.4,1.2383075506818229,NORMAL
2025-08-18,3000.010986328125,3037.67057838676,2992.2399207869066,3035.179867843642,2945609,-0.003672727148894439,0.0025468708764576336,0.003937371698388109,2735679.2,1.0767377256807011,NORMAL
2025-08-19,3004.992431640625,3013.7597814697733,2999.911528031773,3000.0110105142285,2650784,0.0016604756899898376,0.0026123417634416114,0.0033112277407459567,2888993.0,0.9175460099764866,NORMAL
2025-08-20,3087.086181640625,3091.868151000454,2999.7118666132724,2999.7118666132724,4952358,0.027319120386329665,0.01318589938089097,0.004808065541431358,3207818.2,1.5438399844479964,FOMO_BUY
2025-08-21,3091.071533203125,3118.369623669664,3071.643990819241,3118.369623669664,3230726,0.0012909751552132587,0.01311707716299989,0.006794404603360541,3424330.2,0.9434621696237121,NORMAL
2025-08-22,3042.65185546875,3084.1968567150047,3038.666718788372,3074.532948911776,1593791,-0.015664366616647052,0.01569801942413663,0.009432041721585346,3074653.6,0.5183644102216913,NORMAL
2025-08-25,3128.93017578125,3140.2877180773667,3065.666130699425,3075.8281806328096,3448370,0.02835629063424605,0.01891464072801425,0.01270559569189667,3175205.8,1.0860303921087573,NORMAL
2025-08-26,3145.468505859375,3150.2507187850565,3108.4067813438887,3117.373339366996,5522097,0.00528561813431816,0.018650125451716945,0.015913152429551734,3749468.4,1.4727679795887865,NORMAL
2025-08-28,3082.204345703125,3134.808199509225,3075.0311481917124,3133.313773226287,3116051,-0.020112794020477942,0.01925771208259305,0.017127514969892153,3382207.0,0.9213070045683188,NORMAL
2025-08-29,3073.23779296875,3103.425252579535,3065.7656615419933,3081.507000394383,2271789,-0.0029091363610836973,0.01926971552885296,0.018358042643062768,3190419.6,0.7120658987927481,NORMAL
2025-09-01,3101.0341796875,3119.4654366830314,3078.518060334719,3078.518060334719,1246862,0.009044658627570312,0.017673927090346365,0.018753224176304713,3121033.8,0.3995028826666344,NORMAL
2025-09-02,3099.938232421875,3143.2765943406766,3091.569542586104,3109.502657862849,2185229,-0.0003534134750283746,0.01125270433899635,0.017220836898501134,2868405.6,0.7618270582096199,NORMAL
2025-09-03,3085.990234375,3130.225154484772,3076.525534705408,3118.2697443758125,1799774,-0.004499443860201624,0.010538602269738205,0.015598532262105386,2123941.0,0.8473747622933029,NORMAL
2025-09-04,3084.197021484375,3106.414208311097,3079.3153260834893,3104.421639864457,1481391,-0.0005810818422723463,0.005264931921054832,0.012799976229797744,1797009.0,0.8243648195418053,NORMAL
2025-09-05,3036.97314453125,3091.868257451282,3017.3463946381216,3085.5918616420554,2802055,-0.015311562985167781,0.008797377664598717,0.010705508656946893,1903062.2,1.4723927573150264,NORMAL
2025-09-08,3007.781982421875,3053.5113296442846,3004.793129839144,3038.666792443431,2626187,-0.009611926322740216,0.00638799553999614,0.00844832234687685,2178927.2,1.2052660593708682,NORMAL
2025-09-09,3038.06884765625,3048.6295571410296,3019.538108052908,3020.833326119296,2489301,0.010069501516857926,0.009609027461121874,0.008119586971301954,2239741.6,1.1114232999020959,NORMAL
2025-09-10,3098.44384765625,3111.0966082909868,3042.0540649039185,3045.0429174900823,2079428,0.019872821528247098,0.014313943487953883,0.008874655214945088,2295672.4,0.9058034587164964,NORMAL
2025-09-11,3112.591064453125,3127.336119333051,3098.543603103421,3127.336119333051,2263446,0.004565910338370838,0.014366898224680645,0.010695048475670252,2452083.4,0.9230705611399678,NORMAL
2025-09-12,3121.7568359375,3137.0000329464906,3109.4030090679694,3132.3175458217547,1447167,0.002944740023529402,0.010761125340780088,0.011087798010906525,2181105.8,0.6635015137734264,NORMAL
2025-09-15,3100.336669921875,3122.354647788361,3084.4958486128803,3122.354647788361,1732539,-0.006861574152425054,0.009820353678640925,0.011774269638635483,2002376.2,0.8652415065660489,NORMAL
2025-09-16,3134.01123046875,3138.295301272733,3097.5473738607,3116.377048374956,2573429,0.010861581864179737,0.009906041951439102,0.011833672536698928,2019201.8,1.2744783607066912,NORMAL
2025-09-17,3161.010498046875,3170.5746802441777,3130.723313005144,3140.287738435889,2418271,0.008614923684905573,0.006851702221681315,0.010341224283444415,2086970.4,1.158747148498129,NORMAL
2025-09-18,3164.89599609375,3191.0983194206656,3149.652799058944,3173.1652036699406,2633138,0.0012291949201927999,0.006947684468533597,0.008857381532215006,2160908.8,1.2185326840262765,NORMAL
2025-09-19,3157.423828125,3168.681888196503,3132.3175150101574,3158.220904129198,4901694,-0.002360952138071082,0.007415936013820081,0.008188343666823004,2851814.2,1.7187985107865722,NORMAL
2025-09-22,3062.37841796875,3095.355278998739,3053.6110683753386,3083.499594330073,3634901,-0.030102202089445695,0.016414710724663415,0.009507215076027503,3232286.6,1.1245602416567886,NORMAL
2025-09-23,3051.0205078125,3069.252556548476,3040.6592498638747,3058.592364705798,3177741,-0.003708852599537238,0.014684758627912499,0.010462958411322183,3353149.0,0.9476885757238942,NORMAL
2025-09-24,3024.120849609375,3045.640684813108,3021.7298649127106,3038.666695675492,1625714,-0.0088166100929985,0.01246734117773929,0.011586086202533777,3194637.6,0.5088883947274645,NORMAL
2025-09-25,2946.41064453125,3018.3425546653493,2940.03452327195,3010.7706978406754,4974361,-0.02569679220596055,0.012886471431147208,0.0127738435950565,3662882.2,1.3580455849767703,NORMAL
2025-09-26,2888.32763671875,2943.820618304199,2880.5565712711505,2930.07184762513,3934636,-0.019713140773607418,0.01114046786138704,0.01351874996456989,3469470.6,1.1340738843557285,NORMAL
2025-09-29,2885.338623046875,2918.4152081680195,2883.2463290392707,2905.164580331207,3110035,-0.0010348596308383806,0.01055928480449955,0.012347664780537119,3364497.4,0.924368376685326,NORMAL
2025-09-30,2877.667236328125,2904.467427717032,2874.379692997371,2900.183356935398,2253458,-0.002658747454275967,0.01076866723406198,0.011564446501767012,3179640.8,0.7087146447485515,NORMAL
2025-10-01,2903.371337890625,2913.932047598146,2855.948356386049,2880.257593329001,1952902,0.008932270291021727,0.014266325655400572,0.01192424339729927,3245078.4,0.6018042584117537,NORMAL
2025-10-03,2891.116943359375,2913.134920868619,2880.35726888136,2913.134920868619,2899519,-0.004220746540865572,0.010301039567216275,0.011407157024513084,2830110.0,1.024525195133758,NORMAL
2025-10-06,2977.295654296875,2982.476526807699,2884.840673623438,2891.2167953135195,2112774,0.029808102759538713,0.014179336389668888,0.012014930730169454,2465737.6,0.8568527324237583,NORMAL
2025-10-07,2962.650146484375,2993.335747140356,2944.517823489207,2983.87104765697,3062943,-0.004919063980550087,0.014766660020143325,0.012856405773298208,2456319.2,1.2469645638889277,NORMAL
2025-10-08,3015.951416015625,3031.692754680041,2956.9714413047523,2963.9454305531126,4121889,0.017991077884947027,0.014840875736319021,0.013670847473749618,2830005.4,1.4564951006807267,NORMAL
2025-10-09,3050.3232421875,3054.607312831964,3008.7782402976286,3022.726218895035,3211304,0.011396677675028277,0.014857459769319679,0.013789074296533439,3081685.8,1.042060809703572,NORMAL
2025-10-10,3017.04736328125,3058.5923640088854,2995.726736367315,3038.666680855733,8817365,-0.010908968087718685,0.016651841039701205,0.015059234591030424,4265255.0,2.0672538922057413,NORMAL
2025-10-13,2996.02587890625,3024.220771178156,2987.059320862895,3015.752355248321,2866865,-0.006967568567481042,0.01261568102707777,0.0147465035185122,4416073.2,0.6491887408025755,NORMAL
2025-10-14,2949.300048828125,3015.9513618688843,2944.517836211276,3009.774448720779,3611416,-0.015595936739766447,0.014671502997346856,0.014727472113952905,4525767.8,0.7979675846383458,NORMAL
2025-10-15,2969.800048828125,2979.699951171875,2951.0,2971.0,4282226,0.006950801770116755,0.011653654557173604,0.014090027878123823,4557835.2,0.9395306789503929,NORMAL
2025-10-16,2970.699951171875,2975.0,2943.10009765625,2969.89990234375,3251495,0.00030301782239683384,0.0089681065849736,0.012912157241254607,4565873.4,0.7121299070622501,NORMAL
2025-10-17,2962.199951171875,2988.800048828125,2955.39990234375,2970.0,4374683,-0.002861278533581646,0.008401426159967099,0.011262074265307787,3677337.0,1.1896334222291838,NORMAL
2025-10-20,3015.199951171875,3023.0,2978.5,2985.5,3133039,0.017892107512537336,0.012359261312193821,0.011210790322330995,3730571.8,0.8398280928408884,NORMAL
2025-10-21,3006.699951171875,3031.800048828125,2996.0,3031.10009765625,310644,-0.00281905019157902,0.008787562674887214,0.010034002257839066,3070417.4,0.10117321508144138,NORMAL
2025-10-23,3073.199951171875,3098.0,3036.10009765625,3055.0,5564758,0.02211727178632561,0.012100113314159918,0.01012329400923633,3326923.8,1.672643659587274,FOMO_BUY
2025-10-24,3063.199951171875,3090.0,3058.300048828125,3080.0,2684318,-0.003253937315789268,0.012677645252534373,0.010865201742748486,3213488.4,0.8353283615400635,NORMAL
2025-10-27,3084.89990234375,3094.199951171875,3060.199951171875,3066.5,1946312,0.007084079236673091,0.011634912381546235,0.011511898987064312,2727814.2,0.7135060738374336,NORMAL
2025-10-28,3057.89990234375,3090.199951171875,3040.199951171875,3076.0,3470737,-0.008752309914330403,0.012177456501116951,0.01147553802484894,2795353.8,1.2416092016688551,NORMAL
2025-10-29,3057.60009765625,3076.0,3046.10009765625,3057.89990234375,2895420,-9.804267538982003e-05,0.011917388969363169,0.012101503283744128,3312309.0,0.8741394598148905,NORMAL
2025-10-30,3035.300048828125,3063.800048828125,3032.800048828125,3049.10009765625,2241536,-0.007293317672647515,0.006329548058907519,0.010947390232693649,2647664.6,0.8466087434186339,NORMAL
2025-10-31,3058.0,3067.39990234375,3025.10009765625,3035.0,1868085,0.0074786514699392015,0.007671694016664979,0.009946199985519771,2484418.0,0.7519205705320119,NORMAL
2025-11-03,3016.800048828125,3058.0,3010.0,3046.89990234375,2194877,-0.013472842109834904,0.008204202416088477,0.00926005799242822,2534131.0,0.8661261000319241,NORMAL
2025-11-04,2990.199951171875,3029.300048828125,2976.0,3019.60009765625,2670720,-0.008817322071637768,0.008212816987197849,0.008467130089644398,2374127.6,1.124926899464039,NORMAL
2025-11-05,2990.199951171875,2990.199951171875,2990.199951171875,2990.199951171875,0,0.0,0.008225883664564941,0.007728829028684753,1795043.6,0.0,NORMAL
2025-11-06,3010.89990234375,3024.0,2990.0,2990.10009765625,2542721,0.006922597655639295,0.009363068847744248,0.0083355331864521,1855280.6,1.3705317675396378,NORMAL
2025-11-07,2991.800048828125,3004.0,2960.5,3001.0,1830520,-0.006343569741643407,0.0079553628263502,0.008392266948389144,1847767.6,0.9906657092591081,NORMAL
2025-11-10,3025.199951171875,3047.89990234375,2992.0,2993.0,1556656,0.011163815027288582,0.008497461906000436,0.008450918846371534,1720123.4,0.9049676319733806,NORMAL
2025-11-11,3047.0,3055.699951171875,3018.0,3045.0,2806868,0.0072061513883339146,0.006944597575512862,0.008197274964034539,1747353.0,1.6063542970424407,NORMAL
2025-11-12,3131.800048828125,3136.39990234375,3057.10009765625,3060.0,4460315,0.027830669126394758,0.012263781845085052,0.00900485460013856,2639416.0,1.6898870810815725,FOMO_BUY
2025-11-13,3105.699951171875,3131.89990234375,3102.0,3131.800048828125,1740435,-0.008333896560866472,0.014680413796890703,0.010068323589967851,2478958.8,0.7020830681010108,NORMAL
2025-11-14,3106.0,3113.10009765625,3077.300048828125,3090.0,2210794,9.661230409974131e-05,0.013530756496598994,0.011183402324017608,2555013.6,0.8652768032232783,NORMAL
2025-11-17,3102.199951171875,3123.5,3086.60009765625,3106.0,2232853,-0.0012234542266983395,0.013843839546074425,0.012252677852032406,2690253.0,0.8299788161187814,NORMAL
2025-11-18,3087.10009765625,3105.0,3078.0,3102.0,2548350,-0.004867466234702578,0.014428574675094352,0.013749473271948703,2638549.4,0.9658147768618621,NORMAL
2025-11-19,3147.699951171875,3155.0,3083.5,3097.0,3151053,0.019630025460344758,0.01088999853710584,0.013474716610352863,2376697.0,1.3258118304520938,NORMAL
2025-11-20,3144.800048828125,3164.5,3138.10009765625,3148.0,2700767,-0.0009212766110919812,0.009734650115363641,0.01248556387404745,2568763.4,1.0513879947059352,NORMAL
2025-11-21,3150.60009765625,3170.0,3135.199951171875,3144.800048828125,4177037,0.0018443299217978382,0.009655910964591714,0.011710594767645997,2962012.0,1.4102025920219095,NORMAL
2025-11-24,3141.199951171875,3178.89990234375,3131.0,3158.0,6703764,-0.002983605088874297,0.009873121736076674,0.010916451205646443,3856194.2,1.7384404550994863,NORMAL
2025-11-25,3119.199951171875,3149.800048828125,3115.0,3145.300048828125,2737920,-0.0070036929651016155,0.010310367028771054,0.010092809676381785,3894108.2,0.703092944361433,NORMAL
2025-11-26,3162.89990234375,3178.0,3117.0,3118.800048828125,2508527,0.014009987130019441,0.007962279569357753,0.009507265882832168,3765603.0,0.6661687384464056,NORMAL
2025-11-27,3136.60009765625,3180.0,3125.0,3180.0,2836233,-0.008315092320187456,0.009021876944605874,0.009364711248680612,3792696.2,0.7478144439831484,NORMAL
2025-11-28,3137.5,3147.300048828125,3125.0,3140.0,1616690,0.0002869037542982955,0.00894773187299331,0.009223075430360933,3280626.8,0.4927991199730491,NORMAL
2025-12-01,3133.39990234375,3154.0,3122.199951171875,3137.89990234375,1747647,-0.001306804033864517,0.008876622360068028,0.009023775555159205,2289403.4,0.7633635033476407,NORMAL
2025-12-02,3135.699951171875,3144.0,3120.39990234375,3131.0,2512003,0.0007340425415871543,0.008091628888357868,0.008580027927076567,2244220.0,1.119321189544697,NORMAL
2025-12-03,3180.0,3211.89990234375,3139.0,3140.0,3952112,0.014127642796808226,0.008138658577462139,0.008615303728697444,2532937.0,1.5602883135269452,NORMAL
2025-12-04,3229.199951171875,3250.0,3187.39990234375,3194.0,5025905,0.015471682758451344,0.008207256671346336,0.008452379674045534,2970871.4,1.6917275517210204,NORMAL
2025-12-05,3238.199951171875,3271.60009765625,3222.39990234375,3230.0,5244013,0.0027870680466020037,0.007851052864166527,0.00823304387228018,3696336.0,1.418705712900559,NORMAL
2025-12-08,3236.5,3259.89990234375,3208.60009765625,3243.0,2544725,-0.0005249679443851685,0.007665711105974088,0.007990861621461391,3855751.6,0.659981571426956,NORMAL
2025-12-09,3208.300048828125,3233.699951171875,3181.199951171875,3230.0,2734893,-0.008713100933686047,0.010195044609862954,0.008411544765762408,3900329.6,0.7011953553874011,NORMAL
2025-12-10,3189.199951171875,3225.0,3178.10009765625,3225.0,1386849,-0.005953338953825882,0.009445831898434493,0.008672979429956878,3387277.0,0.409428871627564,NORMAL
2025-12-11,3191.89990234375,3208.39990234375,3153.10009765625,3205.0,1914362,0.000846592002136104,0.004832290437075915,0.007997986183102795,2764968.4,0.6923630664278116,NORMAL
2025-12-12,3220.5,3223.0,3185.699951171875,3197.699951171875,1146554,0.008960211325940826,0.006834458204815159,0.007794667251232521,1945476.6,0.589343505853527,NORMAL
2025-12-15,3230.199951171875,3238.199951171875,3197.300048828125,3211.10009765625,1562190,0.003011939503764882,0.007084339423964914,0.007678392914830687,1748969.6,0.8932059196454872,NORMAL
2025-12-16,3205.10009765625,3220.0,3191.10009765625,3220.0,1734623,-0.007770371461531034,0.006814158214369056,0.007002215635731908,1548915.6,1.1198951059696216,NORMAL
2025-12-17,3217.800048828125,3236.89990234375,3200.5,3200.5,1376350,0.0039624195141867435,0.006121977931634809,0.00633744484237197,1546815.8,0.8897956692710276,NORMAL
2025-12-18,3280.800048828125,3287.800048828125,3221.0,3228.0,2306115,0.019578593773389885,0.009935107358653227,0.007358008226687434,1625166.4,1.4190023864633186,NORMAL
